metric,method,speedup,dataset
euclidean,GADES-GPU-dense,1.0,HLCA_aorta
cosine,GADES-GPU-dense,1.0,HLCA_aorta
pearson,GADES-GPU-dense,1.0,HLCA_aorta
manhattan,GADES-GPU-dense,1.0,HLCA_aorta
spearman,GADES-GPU-dense,1.0,HLCA_aorta
kendall,GADES-GPU-dense,1.0,HLCA_aorta
euclidean,GADES-GPU-sparse,0.4245872113715044,HLCA_aorta
cosine,GADES-GPU-sparse,0.42817999214008123,HLCA_aorta
pearson,GADES-GPU-sparse,0.44797188096879553,HLCA_aorta
manhattan,GADES-GPU-sparse,0.39410500680467014,HLCA_aorta
spearman,GADES-GPU-sparse,0.736410924824873,HLCA_aorta
kendall,GADES-GPU-sparse,8.611338519579864,HLCA_aorta
euclidean,GADES-CPU-dense,0.03629529651899259,HLCA_aorta
cosine,GADES-CPU-dense,0.03493021615536969,HLCA_aorta
pearson,GADES-CPU-dense,0.035186067961121954,HLCA_aorta
manhattan,GADES-CPU-dense,0.044200355235220826,HLCA_aorta
spearman,GADES-CPU-dense,0.09097884286485286,HLCA_aorta
kendall,GADES-CPU-dense,0.85098575535045,HLCA_aorta
euclidean,GADES-CPU-sparse,0.0506997307192539,HLCA_aorta
cosine,GADES-CPU-sparse,0.0504111497541327,HLCA_aorta
pearson,GADES-CPU-sparse,0.0522597045072792,HLCA_aorta
manhattan,GADES-CPU-sparse,0.06290817539879995,HLCA_aorta
spearman,GADES-CPU-sparse,0.28953772712913456,HLCA_aorta
kendall,GADES-CPU-sparse,2.4545810196767484,HLCA_aorta
euclidean,arrayfire-dense,1.1252156456106617,HLCA_aorta
cosine,arrayfire-dense,1.1145050748440042,HLCA_aorta
pearson,arrayfire-dense,1.1400333867536732,HLCA_aorta
manhattan,arrayfire-dense,0.02475501885162556,HLCA_aorta
euclidean,arrayfire-sparse,0.3300586525015342,HLCA_aorta
cosine,arrayfire-sparse,0.3273843308248586,HLCA_aorta
pearson,arrayfire-sparse,0.3547506533490853,HLCA_aorta
manhattan,arrayfire-sparse,0.023120670730989876,HLCA_aorta
euclidean,raft-dense,0.6333628226913874,HLCA_aorta
cosine,raft-dense,0.4293189633078588,HLCA_aorta
pearson,raft-dense,0.31737467778247647,HLCA_aorta
manhattan,raft-dense,0.8814974018039131,HLCA_aorta
euclidean,raft-sparse,0.24254349857228472,HLCA_aorta
cosine,raft-sparse,0.2398635243558601,HLCA_aorta
pearson,raft-sparse,0.2668946989704757,HLCA_aorta
manhattan,raft-sparse,0.22652582045720335,HLCA_aorta
euclidean,armadillo-dense,0.4757146171469448,HLCA_aorta
cosine,armadillo-dense,0.49340334210539555,HLCA_aorta
pearson,armadillo-dense,0.19951858220344781,HLCA_aorta
manhattan,armadillo-dense,0.0016677761393207426,HLCA_aorta
euclidean,armadillo-sparse,0.030209947973418867,HLCA_aorta
cosine,armadillo-sparse,0.030011232309877085,HLCA_aorta
pearson,armadillo-sparse,0.029028397839256627,HLCA_aorta
manhattan,armadillo-sparse,0.005779480730644621,HLCA_aorta
euclidean,amap,0.0035907797160758463,HLCA_aorta
cosine,amap,0.0015932405622644773,HLCA_aorta
pearson,amap,0.00268997156449566,HLCA_aorta
manhattan,amap,0.005130887952936942,HLCA_aorta
spearman,amap,0.005983872982928945,HLCA_aorta
kendall,amap,0.0031418759082155706,HLCA_aorta
euclidean,factoextra,0.0016230167011300227,HLCA_aorta
cosine,factoextra,0.004080112212187888,HLCA_aorta
manhattan,factoextra,0.0023055251354031424,HLCA_aorta
spearman,factoextra,0.01936700308452384,HLCA_aorta
euclidean,pandas,0.002764042851975424,HLCA_aorta
cosine,pandas,0.0008231347067684579,HLCA_aorta
pearson,pandas,0.0018687428193569268,HLCA_aorta
manhattan,pandas,0.004081047185654396,HLCA_aorta
spearman,pandas,0.017537195496970286,HLCA_aorta
kendall,pandas,0.047218783914537196,HLCA_aorta
euclidean,scipy,0.013468066261333693,HLCA_aorta
cosine,scipy,0.004297785426619107,HLCA_aorta
pearson,scipy,0.1843972493640129,HLCA_aorta
manhattan,scipy,0.014652619809365261,HLCA_aorta
spearman,scipy,0.0041653640850664525,HLCA_aorta
kendall,scipy,0.3328188269093891,HLCA_aorta
euclidean,GADES-GPU-dense,1.0,B_CD8T
cosine,GADES-GPU-dense,1.0,B_CD8T
pearson,GADES-GPU-dense,1.0,B_CD8T
manhattan,GADES-GPU-dense,1.0,B_CD8T
spearman,GADES-GPU-dense,1.0,B_CD8T
kendall,GADES-GPU-dense,1.0,B_CD8T
euclidean,GADES-GPU-sparse,0.8623974036358505,B_CD8T
cosine,GADES-GPU-sparse,0.8620352705783817,B_CD8T
pearson,GADES-GPU-sparse,0.8309423152447617,B_CD8T
manhattan,GADES-GPU-sparse,0.8395021902271724,B_CD8T
spearman,GADES-GPU-sparse,1.9608270061039155,B_CD8T
kendall,GADES-GPU-sparse,17.14351481640152,B_CD8T
euclidean,GADES-CPU-dense,0.032604105076442264,B_CD8T
cosine,GADES-CPU-dense,0.03305381101912647,B_CD8T
pearson,GADES-CPU-dense,0.03149429111796021,B_CD8T
manhattan,GADES-CPU-dense,0.037398128013614446,B_CD8T
spearman,GADES-CPU-dense,0.08592174839468047,B_CD8T
kendall,GADES-CPU-dense,0.9345994909889673,B_CD8T
euclidean,GADES-CPU-sparse,0.049738354822870694,B_CD8T
cosine,GADES-CPU-sparse,0.051203882716962155,B_CD8T
pearson,GADES-CPU-sparse,0.050912328429742006,B_CD8T
manhattan,GADES-CPU-sparse,0.06666972295221003,B_CD8T
spearman,GADES-CPU-sparse,0.27992986278078136,B_CD8T
kendall,GADES-CPU-sparse,6.139429974646855,B_CD8T
euclidean,arrayfire-dense,1.1058904423561768,B_CD8T
cosine,arrayfire-dense,1.125475377568254,B_CD8T
pearson,arrayfire-dense,1.0479500745851205,B_CD8T
manhattan,arrayfire-dense,0.03836800382399682,B_CD8T
euclidean,arrayfire-sparse,0.45989264573091204,B_CD8T
cosine,arrayfire-sparse,0.4298914481164694,B_CD8T
pearson,arrayfire-sparse,0.4389868239268506,B_CD8T
manhattan,arrayfire-sparse,0.037716750218924205,B_CD8T
euclidean,raft-dense,0.6281862754451887,B_CD8T
cosine,raft-dense,0.5316622598646661,B_CD8T
pearson,raft-dense,0.3617959751325862,B_CD8T
manhattan,raft-dense,0.8445339288966258,B_CD8T
euclidean,raft-sparse,0.5223803720347955,B_CD8T
cosine,raft-sparse,0.5350611951308701,B_CD8T
pearson,raft-sparse,0.3146191588518423,B_CD8T
manhattan,raft-sparse,0.513709357867648,B_CD8T
euclidean,armadillo-dense,0.3572722985849406,B_CD8T
cosine,armadillo-dense,0.3905587904188082,B_CD8T
pearson,armadillo-dense,0.1631738537137714,B_CD8T
manhattan,armadillo-dense,0.0010555768939575925,B_CD8T
euclidean,armadillo-sparse,0.03665064845761438,B_CD8T
cosine,armadillo-sparse,0.03909643054611758,B_CD8T
pearson,armadillo-sparse,0.03623715494660488,B_CD8T
manhattan,armadillo-sparse,0.0036472642981045266,B_CD8T
euclidean,amap,0.003003187703162536,B_CD8T
cosine,amap,0.001423606830008504,B_CD8T
pearson,amap,0.0020136786155717386,B_CD8T
manhattan,amap,0.004143309834606144,B_CD8T
spearman,amap,0.004674739951036062,B_CD8T
kendall,amap,0.004750351426173796,B_CD8T
euclidean,factoextra,0.000648926051275245,B_CD8T
cosine,factoextra,0.002904053071154473,B_CD8T
manhattan,factoextra,0.0008884045002624518,B_CD8T
spearman,factoextra,0.013077253308904887,B_CD8T
euclidean,pandas,0.0015702577540021184,B_CD8T
cosine,pandas,0.0004435342591450967,B_CD8T
pearson,pandas,0.0012003254625556846,B_CD8T
manhattan,pandas,0.0023403322227879583,B_CD8T
spearman,pandas,0.004954177268314068,B_CD8T
kendall,pandas,0.03875732036940763,B_CD8T
euclidean,scipy,0.009050097998085958,B_CD8T
cosine,scipy,0.003570973576128882,B_CD8T
pearson,scipy,0.16034634966173741,B_CD8T
manhattan,scipy,0.011387384022913657,B_CD8T
spearman,scipy,0.0038817580499002726,B_CD8T
kendall,scipy,0.4074129210592617,B_CD8T
euclidean,GADES-GPU-dense,1.0,Camp
cosine,GADES-GPU-dense,1.0,Camp
pearson,GADES-GPU-dense,1.0,Camp
manhattan,GADES-GPU-dense,1.0,Camp
spearman,GADES-GPU-dense,1.0,Camp
kendall,GADES-GPU-dense,1.0,Camp
euclidean,GADES-GPU-sparse,0.28009978476030944,Camp
cosine,GADES-GPU-sparse,0.2865768871788034,Camp
pearson,GADES-GPU-sparse,0.27547879385082696,Camp
manhattan,GADES-GPU-sparse,0.10768427096651986,Camp
spearman,GADES-GPU-sparse,0.3562443570326438,Camp
kendall,GADES-GPU-sparse,4.06465410348216,Camp
euclidean,GADES-CPU-dense,0.051079959631361076,Camp
cosine,GADES-CPU-dense,0.04510916372647566,Camp
pearson,GADES-CPU-dense,0.048983400538660675,Camp
manhattan,GADES-CPU-dense,0.04324832886488812,Camp
spearman,GADES-CPU-dense,0.08860231115740905,Camp
kendall,GADES-CPU-dense,0.4932772781359007,Camp
euclidean,GADES-CPU-sparse,0.06261336618813805,Camp
cosine,GADES-CPU-sparse,0.05927113639452633,Camp
pearson,GADES-CPU-sparse,0.05989197922133056,Camp
manhattan,GADES-CPU-sparse,0.03283493055060451,Camp
spearman,GADES-CPU-sparse,0.16866518720491638,Camp
kendall,GADES-CPU-sparse,0.9056858200719466,Camp
euclidean,arrayfire-dense,1.211218196857422,Camp
cosine,arrayfire-dense,1.1494244092057855,Camp
pearson,arrayfire-dense,1.0744394650456786,Camp
manhattan,arrayfire-dense,0.04176222385979894,Camp
euclidean,arrayfire-sparse,0.2199140198546257,Camp
cosine,arrayfire-sparse,0.20829035772778684,Camp
pearson,arrayfire-sparse,0.22274242357791324,Camp
manhattan,arrayfire-sparse,0.040095722358873986,Camp
euclidean,raft-dense,0.705782781163435,Camp
cosine,raft-dense,0.5831119732615871,Camp
pearson,raft-dense,0.4012798387948867,Camp
manhattan,raft-dense,0.8362001972820828,Camp
euclidean,raft-sparse,0.10442528535825035,Camp
cosine,raft-sparse,0.10119601279717756,Camp
pearson,raft-sparse,0.3098469485288699,Camp
manhattan,raft-sparse,0.0714454362629218,Camp
euclidean,armadillo-dense,0.3294912812255016,Camp
cosine,armadillo-dense,0.3375187603897225,Camp
pearson,armadillo-dense,0.15397476981473004,Camp
manhattan,armadillo-dense,0.0007628445010266942,Camp
euclidean,armadillo-sparse,0.005382180797444775,Camp
cosine,armadillo-sparse,0.00515030951220456,Camp
pearson,armadillo-sparse,0.005485719660306686,Camp
manhattan,armadillo-sparse,0.0027135251865890836,Camp
euclidean,amap,0.0022793807577229765,Camp
cosine,amap,0.0009561732782362711,Camp
pearson,amap,0.0016089839730200751,Camp
manhattan,amap,0.0026653421820334905,Camp
spearman,amap,0.0028034683952459618,Camp
kendall,amap,0.0025637557802377295,Camp
euclidean,factoextra,0.0005957085673481892,Camp
cosine,factoextra,0.0023621653182083575,Camp
manhattan,factoextra,0.000690858122367496,Camp
spearman,factoextra,0.011309690468592258,Camp
euclidean,pandas,0.001554139848593731,Camp
cosine,pandas,0.0004508676944630901,Camp
pearson,pandas,0.0010830560524349156,Camp
manhattan,pandas,0.002115979681202723,Camp
spearman,pandas,0.006389130260573254,Camp
kendall,pandas,0.029836723272459845,Camp
euclidean,scipy,0.009815608364476112,Camp
cosine,scipy,0.002563573723429343,Camp
pearson,scipy,0.17620055904136264,Camp
manhattan,scipy,0.009908587197634086,Camp
spearman,scipy,0.002375146692562561,Camp
kendall,scipy,0.3454266637608992,Camp
euclidean,GADES-GPU-dense,1.0,TCells
cosine,GADES-GPU-dense,1.0,TCells
pearson,GADES-GPU-dense,1.0,TCells
manhattan,GADES-GPU-dense,1.0,TCells
spearman,GADES-GPU-dense,1.0,TCells
kendall,GADES-GPU-dense,1.0,TCells
euclidean,GADES-GPU-sparse,1.241735277085379,TCells
cosine,GADES-GPU-sparse,1.2616617029674548,TCells
pearson,GADES-GPU-sparse,1.2826218310784183,TCells
manhattan,GADES-GPU-sparse,0.7811184103419295,TCells
spearman,GADES-GPU-sparse,3.005740485544647,TCells
kendall,GADES-GPU-sparse,34.66569505611833,TCells
euclidean,GADES-CPU-dense,0.08212348551623998,TCells
cosine,GADES-CPU-dense,0.07239260266963968,TCells
pearson,GADES-CPU-dense,0.07790469149329425,TCells
manhattan,GADES-CPU-dense,0.05464163320383221,TCells
spearman,GADES-CPU-dense,0.0981119961496184,TCells
kendall,GADES-CPU-dense,2.008575179588784,TCells
euclidean,GADES-CPU-sparse,0.10441156025961397,TCells
cosine,GADES-CPU-sparse,0.1125000699900894,TCells
pearson,GADES-CPU-sparse,0.10161656568768042,TCells
manhattan,GADES-CPU-sparse,0.1516490350445574,TCells
spearman,GADES-CPU-sparse,0.9107917861181523,TCells
kendall,GADES-CPU-sparse,21.639243960792022,TCells
euclidean,arrayfire-dense,1.0401569156789134,TCells
cosine,arrayfire-dense,1.015112102962659,TCells
pearson,arrayfire-dense,1.021718021479454,TCells
manhattan,arrayfire-dense,0.039882780696378274,TCells
euclidean,arrayfire-sparse,0.44931488544981896,TCells
cosine,arrayfire-sparse,0.43796250048266333,TCells
pearson,arrayfire-sparse,0.45645011705047744,TCells
manhattan,arrayfire-sparse,0.03665785069902749,TCells
euclidean,raft-dense,0.7279230807123732,TCells
cosine,raft-dense,0.5779764791688065,TCells
pearson,raft-dense,0.4033938277172362,TCells
manhattan,raft-dense,0.8653064984668006,TCells
euclidean,raft-sparse,0.6204963400747386,TCells
cosine,raft-sparse,0.5846130458507082,TCells
pearson,raft-sparse,0.3569440707655877,TCells
manhattan,raft-sparse,0.4907024078927513,TCells
euclidean,armadillo-dense,0.31621399810212614,TCells
cosine,armadillo-dense,0.3087109405866704,TCells
pearson,armadillo-dense,0.15560090596954038,TCells
manhattan,armadillo-dense,0.0006105856852333965,TCells
euclidean,armadillo-sparse,0.12117722601337295,TCells
cosine,armadillo-sparse,0.11849896536151684,TCells
pearson,armadillo-sparse,0.11775587778453107,TCells
manhattan,armadillo-sparse,0.0022968441934006455,TCells
euclidean,amap,0.0006807711801179957,TCells
cosine,amap,0.0004685807940285046,TCells
pearson,amap,0.0006698562413841227,TCells
manhattan,amap,0.0008177229740896503,TCells
spearman,amap,0.002682763500627353,TCells
kendall,amap,0.002565907276995314,TCells
euclidean,factoextra,0.00042517871240877007,TCells
cosine,factoextra,0.0020003191806537896,TCells
manhattan,factoextra,0.0005077114213285488,TCells
spearman,factoextra,0.012394849802374285,TCells
euclidean,pandas,0.0016646165097071713,TCells
cosine,pandas,0.0004700424179563705,TCells
pearson,pandas,0.0009363950842505923,TCells
manhattan,pandas,0.002233898576119562,TCells
spearman,pandas,0.004641046589755957,TCells
kendall,pandas,0.08807198774150493,TCells
euclidean,scipy,0.0014819327654675175,TCells
cosine,scipy,0.00040065606391761967,TCells
pearson,scipy,0.1631036276083152,TCells
manhattan,scipy,0.0008039680955445458,TCells
spearman,scipy,0.0016041478105488735,TCells
kendall,scipy,0.43647010362387156,TCells
euclidean,GADES-GPU-dense,1.0,B_T
cosine,GADES-GPU-dense,1.0,B_T
pearson,GADES-GPU-dense,1.0,B_T
manhattan,GADES-GPU-dense,1.0,B_T
spearman,GADES-GPU-dense,1.0,B_T
kendall,GADES-GPU-dense,1.0,B_T
euclidean,GADES-GPU-sparse,0.8340074375774748,B_T
cosine,GADES-GPU-sparse,0.8086057076993316,B_T
pearson,GADES-GPU-sparse,0.8327258650032503,B_T
manhattan,GADES-GPU-sparse,0.43073244536476407,B_T
spearman,GADES-GPU-sparse,1.4439474354019173,B_T
kendall,GADES-GPU-sparse,16.148837909879898,B_T
euclidean,GADES-CPU-dense,0.07473725703774091,B_T
cosine,GADES-CPU-dense,0.06513986104637877,B_T
pearson,GADES-CPU-dense,0.06926653636332153,B_T
manhattan,GADES-CPU-dense,0.03676185203574248,B_T
spearman,GADES-CPU-dense,0.07282687223507142,B_T
kendall,GADES-CPU-dense,1.0078232481772649,B_T
euclidean,GADES-CPU-sparse,0.06791317293255635,B_T
cosine,GADES-CPU-sparse,0.06891815773408361,B_T
pearson,GADES-CPU-sparse,0.07038085148940268,B_T
manhattan,GADES-CPU-sparse,0.048437878420925166,B_T
spearman,GADES-CPU-sparse,0.20461556392762761,B_T
kendall,GADES-CPU-sparse,6.708050029808316,B_T
euclidean,arrayfire-dense,0.9794479068575744,B_T
cosine,arrayfire-dense,0.9141887660985969,B_T
pearson,arrayfire-dense,0.9283936703170704,B_T
manhattan,arrayfire-dense,0.052087296371874245,B_T
euclidean,arrayfire-sparse,0.31842408730381955,B_T
cosine,arrayfire-sparse,0.26248668579247714,B_T
pearson,arrayfire-sparse,0.3003116755034434,B_T
manhattan,arrayfire-sparse,0.04858440653469947,B_T
euclidean,raft-dense,0.6071699575236955,B_T
cosine,raft-dense,0.38423414671423917,B_T
pearson,raft-dense,0.31478188891161973,B_T
manhattan,raft-dense,0.7731156861215147,B_T
euclidean,raft-sparse,0.3466871776395973,B_T
cosine,raft-sparse,0.31961705405692575,B_T
pearson,raft-sparse,0.28745168740579224,B_T
manhattan,raft-sparse,0.27871515185744744,B_T
euclidean,armadillo-dense,0.254586144265698,B_T
cosine,armadillo-dense,0.2768901532625967,B_T
pearson,armadillo-dense,0.15549354326584724,B_T
manhattan,armadillo-dense,0.0002112119405911942,B_T
euclidean,armadillo-sparse,0.013099257259215626,B_T
cosine,armadillo-sparse,0.012997525912639548,B_T
pearson,armadillo-sparse,0.013758584631152222,B_T
manhattan,armadillo-sparse,0.0004869781013903314,B_T
euclidean,amap,0.000488446589752456,B_T
cosine,amap,0.0002830106713834256,B_T
pearson,amap,0.00033266578313923017,B_T
manhattan,amap,0.0006289050052269272,B_T
spearman,amap,0.0008714735815619249,B_T
kendall,amap,0.004997166191538897,B_T
euclidean,factoextra,0.0002395113088075443,B_T
cosine,factoextra,0.0009682396911828286,B_T
manhattan,factoextra,0.0002937136027095201,B_T
spearman,factoextra,0.005330190090887009,B_T
euclidean,pandas,0.0006490103397309799,B_T
cosine,pandas,0.00016400140592516934,B_T
pearson,pandas,0.0005018923842738267,B_T
manhattan,pandas,0.0008670765657349555,B_T
spearman,pandas,0.0017476630483583132,B_T
kendall,pandas,0.042938636005116486,B_T
euclidean,scipy,0.004312278811165183,B_T
cosine,scipy,0.0014204124734222361,B_T
pearson,scipy,0.1363282465000587,B_T
manhattan,scipy,0.006150839890538344,B_T
spearman,scipy,0.0014246142098581678,B_T
kendall,scipy,0.46390398083721324,B_T
euclidean,GADES-GPU-dense,1.0,Jester
cosine,GADES-GPU-dense,1.0,Jester
pearson,GADES-GPU-dense,1.0,Jester
manhattan,GADES-GPU-dense,1.0,Jester
spearman,GADES-GPU-dense,1.0,Jester
kendall,GADES-GPU-dense,1.0,Jester
euclidean,GADES-GPU-sparse,0.806233178567216,Jester
cosine,GADES-GPU-sparse,0.8363198146002316,Jester
pearson,GADES-GPU-sparse,0.8444456804887319,Jester
manhattan,GADES-GPU-sparse,0.03151836826785908,Jester
spearman,GADES-GPU-sparse,15.496865014210483,Jester
kendall,GADES-GPU-sparse,0.88755147527376,Jester
euclidean,GADES-CPU-dense,0.02308770930339019,Jester
cosine,GADES-CPU-dense,0.02256185629324441,Jester
pearson,GADES-CPU-dense,0.022606238366031,Jester
manhattan,GADES-CPU-dense,0.008407158812165194,Jester
spearman,GADES-CPU-dense,1.6899487267720958,Jester
kendall,GADES-CPU-dense,0.10115812266415196,Jester
euclidean,GADES-CPU-sparse,0.021844788889296175,Jester
cosine,GADES-CPU-sparse,0.02170561927682645,Jester
pearson,GADES-CPU-sparse,0.021340372322625634,Jester
manhattan,GADES-CPU-sparse,0.016960503540841918,Jester
spearman,GADES-CPU-sparse,10.067668282481792,Jester
kendall,GADES-CPU-sparse,0.10091870458139021,Jester
euclidean,arrayfire-dense,0.0876572806697792,Jester
cosine,arrayfire-dense,0.08477108480829396,Jester
pearson,arrayfire-dense,0.08484713000842034,Jester
manhattan,arrayfire-dense,0.0631116017125393,Jester
euclidean,arrayfire-sparse,0.0893258667241143,Jester
cosine,arrayfire-sparse,0.08410836813842482,Jester
pearson,arrayfire-sparse,0.08779989790709546,Jester
manhattan,arrayfire-sparse,0.0637456761880437,Jester
euclidean,raft-dense,0.2899248436819908,Jester
cosine,raft-dense,0.23664625639830036,Jester
pearson,raft-dense,0.26536403724694324,Jester
manhattan,raft-dense,0.29517316714047065,Jester
euclidean,raft-sparse,0.09907053600131122,Jester
cosine,raft-sparse,0.10253101935963274,Jester
pearson,raft-sparse,0.2717156154555724,Jester
manhattan,raft-sparse,0.06207149416481826,Jester
euclidean,armadillo-dense,0.020127318626875952,Jester
cosine,armadillo-dense,0.02132506406763163,Jester
pearson,armadillo-dense,0.020789665326553648,Jester
manhattan,armadillo-dense,0.00063340673003119,Jester
euclidean,armadillo-sparse,0.001196681188635919,Jester
cosine,armadillo-sparse,0.0012101766999664085,Jester
pearson,armadillo-sparse,0.0011496766632801835,Jester
manhattan,armadillo-sparse,0.0006366832146791827,Jester
euclidean,amap,0.002660509664249119,Jester
cosine,amap,0.0016274140499699633,Jester
pearson,amap,0.0018965995698179909,Jester
manhattan,amap,0.002716917510297952,Jester
spearman,amap,0.5658626196835731,Jester
kendall,amap,0.04302512568112728,Jester
euclidean,factoextra,0.0020418153330600177,Jester
cosine,factoextra,0.001524674192953402,Jester
manhattan,factoextra,0.002216857966697852,Jester
spearman,factoextra,0.851021281440092,Jester
euclidean,pandas,5.663883797274565e-05,Jester
cosine,pandas,3.134927008356307e-05,Jester
pearson,pandas,0.001522305362224097,Jester
manhattan,pandas,5.556936749889184e-05,Jester
spearman,pandas,1.5403264073333365,Jester
kendall,pandas,0.0016126093405681478,Jester
cosine,scipy,8.37769348732808e-05,Jester
pearson,scipy,0.03046818129879901,Jester
manhattan,scipy,8.87823150843381e-05,Jester
spearman,scipy,0.017372722799095942,Jester
kendall,scipy,0.0041004631325828,Jester
euclidean,GADES-GPU-dense,1.0,LastFM
cosine,GADES-GPU-dense,1.0,LastFM
pearson,GADES-GPU-dense,1.0,LastFM
manhattan,GADES-GPU-dense,1.0,LastFM
spearman,GADES-GPU-dense,1.0,LastFM
kendall,GADES-GPU-dense,1.0,LastFM
euclidean,GADES-GPU-sparse,3.0297419419620444,LastFM
cosine,GADES-GPU-sparse,3.0023709052942964,LastFM
pearson,GADES-GPU-sparse,3.2624275659954263,LastFM
manhattan,GADES-GPU-sparse,4.322191545215896,LastFM
spearman,GADES-GPU-sparse,20.609679966906096,LastFM
kendall,GADES-GPU-sparse,761.5850383022007,LastFM
euclidean,GADES-CPU-dense,0.07952369908071182,LastFM
cosine,GADES-CPU-dense,0.07403547541018778,LastFM
pearson,GADES-CPU-dense,0.07905588944667925,LastFM
manhattan,GADES-CPU-dense,0.03441699656026457,LastFM
spearman,GADES-CPU-dense,0.0724329008826187,LastFM
kendall,GADES-CPU-dense,0.8325431676752038,LastFM
euclidean,GADES-CPU-sparse,0.11557026363465744,LastFM
cosine,GADES-CPU-sparse,0.11812079503114094,LastFM
pearson,GADES-CPU-sparse,0.11079961242794288,LastFM
manhattan,GADES-CPU-sparse,0.26416292183784995,LastFM
spearman,GADES-CPU-sparse,1.5374464169490765,LastFM
kendall,GADES-CPU-sparse,81.71401068387972,LastFM
euclidean,arrayfire-dense,0.8377534928144644,LastFM
cosine,arrayfire-dense,0.7849128146338578,LastFM
pearson,arrayfire-dense,0.919200348305638,LastFM
manhattan,arrayfire-dense,0.044312787411659345,LastFM
euclidean,arrayfire-sparse,1.124033664534818,LastFM
cosine,arrayfire-sparse,0.9517068959811135,LastFM
pearson,arrayfire-sparse,0.9788604043262429,LastFM
manhattan,arrayfire-sparse,0.043822466112498515,LastFM
euclidean,raft-dense,0.6320947721772556,LastFM
cosine,raft-dense,0.40220972407131245,LastFM
pearson,raft-dense,0.32158161221834597,LastFM
manhattan,raft-dense,0.7916046676680316,LastFM
euclidean,raft-sparse,3.509263355746451,LastFM
cosine,raft-sparse,3.201909048133683,LastFM
pearson,raft-sparse,0.36050132242072747,LastFM
manhattan,raft-sparse,3.602563080841878,LastFM
euclidean,armadillo-dense,0.25891563866521133,LastFM
cosine,armadillo-dense,0.27136841194696526,LastFM
pearson,armadillo-dense,0.14938393347294796,LastFM
manhattan,armadillo-dense,0.0001827540296753362,LastFM
euclidean,armadillo-sparse,0.32140452837263206,LastFM
cosine,armadillo-sparse,0.31781823038028306,LastFM
pearson,armadillo-sparse,0.30526125542204713,LastFM
manhattan,armadillo-sparse,0.0001837264409592401,LastFM
euclidean,amap,0.0003156399569371745,LastFM
cosine,amap,0.00018001837533089562,LastFM
pearson,amap,0.0002168122584228249,LastFM
manhattan,amap,0.00040294517735591184,LastFM
spearman,amap,0.0009664201864500998,LastFM
kendall,amap,0.0029449654291970376,LastFM
euclidean,factoextra,0.00021337253084190283,LastFM
cosine,factoextra,0.0008866347274070497,LastFM
manhattan,factoextra,0.0002661782274103802,LastFM
spearman,factoextra,0.006726935631287303,LastFM
euclidean,pandas,0.000639755096714498,LastFM
cosine,pandas,0.0001616654134363725,LastFM
pearson,pandas,0.00044577705318366744,LastFM
manhattan,pandas,0.0008597458007488721,LastFM
spearman,pandas,0.0030370789394631396,LastFM
kendall,pandas,0.03232663887209512,LastFM
euclidean,scipy,0.004346995766955628,LastFM
cosine,scipy,0.0010513349621382522,LastFM
pearson,scipy,0.13543312355295253,LastFM
manhattan,scipy,0.005619976229499088,LastFM
spearman,scipy,0.0013340644128903604,LastFM
kendall,scipy,0.35737743611858186,LastFM
euclidean,GADES-GPU-dense,1.0,HLCA_lung
cosine,GADES-GPU-dense,1.0,HLCA_lung
pearson,GADES-GPU-dense,1.0,HLCA_lung
manhattan,GADES-GPU-dense,1.0,HLCA_lung
spearman,GADES-GPU-dense,1.0,HLCA_lung
kendall,GADES-GPU-dense,1.0,HLCA_lung
euclidean,GADES-GPU-sparse,0.451216062226852,HLCA_lung
cosine,GADES-GPU-sparse,0.4390801473286489,HLCA_lung
pearson,GADES-GPU-sparse,0.41004072317975376,HLCA_lung
manhattan,GADES-GPU-sparse,0.06861602594201013,HLCA_lung
spearman,GADES-GPU-sparse,0.3920251775952097,HLCA_lung
kendall,GADES-GPU-sparse,7.407319447030142,HLCA_lung
euclidean,GADES-CPU-dense,0.08892046327862003,HLCA_lung
cosine,GADES-CPU-dense,0.08079325248222766,HLCA_lung
pearson,GADES-CPU-dense,0.08195731382626996,HLCA_lung
manhattan,GADES-CPU-dense,0.03722434501864994,HLCA_lung
spearman,GADES-CPU-dense,0.07483991827360024,HLCA_lung
kendall,GADES-CPU-dense,0.7249447217806663,HLCA_lung
euclidean,GADES-CPU-sparse,0.07981261714935632,HLCA_lung
cosine,GADES-CPU-sparse,0.07579650830504608,HLCA_lung
pearson,GADES-CPU-sparse,0.07462354246101151,HLCA_lung
manhattan,GADES-CPU-sparse,0.030974225339344304,HLCA_lung
spearman,GADES-CPU-sparse,0.15445321425435274,HLCA_lung
kendall,GADES-CPU-sparse,2.0954988147747757,HLCA_lung
euclidean,arrayfire-dense,1.0116528312266,HLCA_lung
cosine,arrayfire-dense,0.9282195855246222,HLCA_lung
pearson,arrayfire-dense,0.9415037918137186,HLCA_lung
manhattan,arrayfire-dense,0.04415992045320315,HLCA_lung
euclidean,arrayfire-sparse,0.22638325350499214,HLCA_lung
cosine,arrayfire-sparse,0.19843713145687555,HLCA_lung
pearson,arrayfire-sparse,0.21108611825192802,HLCA_lung
manhattan,arrayfire-sparse,0.04555217091948507,HLCA_lung
euclidean,raft-dense,0.6287771679626148,HLCA_lung
cosine,raft-dense,0.387379739355364,HLCA_lung
pearson,raft-dense,0.29590124665139644,HLCA_lung
manhattan,raft-dense,0.8021362595458964,HLCA_lung
euclidean,raft-sparse,0.11544052152013708,HLCA_lung
cosine,raft-sparse,0.10930228224103868,HLCA_lung
pearson,raft-sparse,0.2560006892910389,HLCA_lung
manhattan,raft-sparse,0.07977768185027463,HLCA_lung
euclidean,armadillo-dense,0.2766335779864101,HLCA_lung
cosine,armadillo-dense,0.29048576443338275,HLCA_lung
pearson,armadillo-dense,0.14868611182535574,HLCA_lung
manhattan,armadillo-dense,0.0002003228798433496,HLCA_lung
euclidean,armadillo-sparse,0.005636824227611129,HLCA_lung
cosine,armadillo-sparse,0.005277150550142724,HLCA_lung
pearson,armadillo-sparse,0.0055717808108569425,HLCA_lung
manhattan,armadillo-sparse,0.00020159896648637418,HLCA_lung
euclidean,amap,0.00019022551923419948,HLCA_lung
cosine,amap,0.00014735262411870372,HLCA_lung
pearson,amap,0.00015464194098108332,HLCA_lung
manhattan,amap,0.0002498117052581434,HLCA_lung
spearman,amap,0.0007337258207535283,HLCA_lung
kendall,amap,0.002956259496730643,HLCA_lung
euclidean,factoextra,0.00023564216589640102,HLCA_lung
cosine,factoextra,0.0009798917128390184,HLCA_lung
manhattan,factoextra,0.00030758276805999124,HLCA_lung
spearman,factoextra,0.00561634397340929,HLCA_lung
euclidean,pandas,0.000746258927508081,HLCA_lung
cosine,pandas,0.0001959665624821361,HLCA_lung
pearson,pandas,0.0004489206687394768,HLCA_lung
manhattan,pandas,0.0010176907179220093,HLCA_lung
spearman,pandas,0.0026573758154645804,HLCA_lung
kendall,pandas,0.044945415156332935,HLCA_lung
euclidean,scipy,0.002646361065680178,HLCA_lung
cosine,scipy,0.0003842506331445896,HLCA_lung
pearson,scipy,0.14133313700276315,HLCA_lung
manhattan,scipy,0.0021456256976347173,HLCA_lung
spearman,scipy,0.0009667330893212807,HLCA_lung
kendall,scipy,0.37390261908919215,HLCA_lung
euclidean,GADES-GPU-dense,1.0,PBMC_all
cosine,GADES-GPU-dense,1.0,PBMC_all
pearson,GADES-GPU-dense,1.0,PBMC_all
manhattan,GADES-GPU-dense,1.0,PBMC_all
spearman,GADES-GPU-dense,1.0,PBMC_all
kendall,GADES-GPU-dense,1.0,PBMC_all
euclidean,GADES-GPU-sparse,0.7751585893039952,PBMC_all
cosine,GADES-GPU-sparse,0.7575473828838155,PBMC_all
pearson,GADES-GPU-sparse,0.7668096406190412,PBMC_all
manhattan,GADES-GPU-sparse,0.23411723993390815,PBMC_all
spearman,GADES-GPU-sparse,1.1768329021236226,PBMC_all
kendall,GADES-GPU-sparse,14.566733106491572,PBMC_all
euclidean,GADES-CPU-dense,0.07803445836356075,PBMC_all
cosine,GADES-CPU-dense,0.07918977026176886,PBMC_all
pearson,GADES-CPU-dense,0.07646129260029896,PBMC_all
manhattan,GADES-CPU-dense,0.03143944149200419,PBMC_all
spearman,GADES-CPU-dense,0.06530498805956289,PBMC_all
kendall,GADES-CPU-dense,1.0210929433200449,PBMC_all
euclidean,GADES-CPU-sparse,0.0794129352641411,PBMC_all
cosine,GADES-CPU-sparse,0.074078078829747,PBMC_all
pearson,GADES-CPU-sparse,0.07664220867348956,PBMC_all
manhattan,GADES-CPU-sparse,0.04113787237133024,PBMC_all
spearman,GADES-CPU-sparse,0.17451534129192572,PBMC_all
kendall,GADES-CPU-sparse,6.4892049454730865,PBMC_all
euclidean,arrayfire-dense,0.8701071651515546,PBMC_all
cosine,arrayfire-dense,0.8140173363642983,PBMC_all
pearson,arrayfire-dense,0.8131946594234015,PBMC_all
manhattan,arrayfire-dense,0.0395750503569809,PBMC_all
euclidean,arrayfire-sparse,0.24786904893282335,PBMC_all
cosine,arrayfire-sparse,0.22335604115821006,PBMC_all
pearson,arrayfire-sparse,0.2341279196807471,PBMC_all
manhattan,arrayfire-sparse,0.03733595331295802,PBMC_all
euclidean,raft-dense,0.5530526077650083,PBMC_all
cosine,raft-dense,0.3462683428683948,PBMC_all
pearson,raft-dense,0.2803379520134365,PBMC_all
manhattan,raft-dense,0.7585508744813367,PBMC_all
euclidean,raft-sparse,0.2529019780861444,PBMC_all
cosine,raft-sparse,0.2372897274328629,PBMC_all
pearson,raft-sparse,0.24621693294105135,PBMC_all
manhattan,raft-sparse,0.1944983540274286,PBMC_all
euclidean,armadillo-dense,0.21786592015921916,PBMC_all
cosine,armadillo-dense,0.22627701320020688,PBMC_all
pearson,armadillo-dense,0.1363489474847464,PBMC_all
manhattan,armadillo-dense,0.00015839609116089748,PBMC_all
euclidean,armadillo-sparse,0.00893256562552251,PBMC_all
cosine,armadillo-sparse,0.00822357501832648,PBMC_all
pearson,armadillo-sparse,0.008064723776523763,PBMC_all
manhattan,armadillo-sparse,0.00015651883860139706,PBMC_all
euclidean,amap,0.0003149923859279533,PBMC_all
cosine,amap,0.00018471078724661784,PBMC_all
pearson,amap,0.00021090150248346314,PBMC_all
manhattan,amap,0.00044033036342510924,PBMC_all
spearman,amap,0.0006182169033201565,PBMC_all
kendall,amap,0.004772819802333962,PBMC_all
euclidean,factoextra,0.00015039403004290318,PBMC_all
cosine,factoextra,0.0006931051516331812,PBMC_all
manhattan,factoextra,0.00020875988746457563,PBMC_all
spearman,factoextra,0.003962640552684026,PBMC_all
euclidean,pandas,0.0004583915753615905,PBMC_all
cosine,pandas,0.00011905175385047083,PBMC_all
pearson,pandas,0.00032801749922308583,PBMC_all
manhattan,pandas,0.0006497128461890532,PBMC_all
spearman,pandas,0.0013176142628135272,PBMC_all
kendall,pandas,0.02522260155388527,PBMC_all
euclidean,scipy,0.0028955808485470374,PBMC_all
cosine,scipy,0.0010091874008863852,PBMC_all
pearson,scipy,0.11082991585839772,PBMC_all
manhattan,scipy,0.004441712574230119,PBMC_all
spearman,scipy,0.0010594435908808713,PBMC_all
kendall,scipy,0.4941861663520181,PBMC_all
euclidean,GADES-GPU-dense,1.0,CellLines
cosine,GADES-GPU-dense,1.0,CellLines
pearson,GADES-GPU-dense,1.0,CellLines
manhattan,GADES-GPU-dense,1.0,CellLines
spearman,GADES-GPU-dense,1.0,CellLines
kendall,GADES-GPU-dense,1.0,CellLines
euclidean,GADES-GPU-sparse,1.1359678411717038,CellLines
cosine,GADES-GPU-sparse,1.1187031707238642,CellLines
pearson,GADES-GPU-sparse,1.1710062480247003,CellLines
manhattan,GADES-GPU-sparse,0.13687626386970012,CellLines
spearman,GADES-GPU-sparse,1.579178198387281,CellLines
kendall,GADES-GPU-sparse,26.177758460525748,CellLines
euclidean,GADES-CPU-dense,0.12884562562644772,CellLines
cosine,GADES-CPU-dense,0.11642316888265024,CellLines
pearson,GADES-CPU-dense,0.11659815731806727,CellLines
manhattan,GADES-CPU-dense,0.04519218378789888,CellLines
spearman,GADES-CPU-dense,0.08885662394184396,CellLines
kendall,GADES-CPU-dense,2.018801288485223,CellLines
euclidean,GADES-CPU-sparse,0.13083784843015497,CellLines
cosine,GADES-CPU-sparse,0.12168846120380003,CellLines
pearson,GADES-CPU-sparse,0.12627127863858656,CellLines
manhattan,GADES-CPU-sparse,0.1321261427356842,CellLines
spearman,GADES-CPU-sparse,0.8285879485440891,CellLines
kendall,GADES-CPU-sparse,21.18967240466019,CellLines
euclidean,arrayfire-dense,1.0274857428673618,CellLines
cosine,arrayfire-dense,0.9156933607694936,CellLines
pearson,arrayfire-dense,0.9312371512718226,CellLines
manhattan,arrayfire-dense,0.04957821501947303,CellLines
euclidean,arrayfire-sparse,0.41438282113883446,CellLines
cosine,arrayfire-sparse,0.3614388905916395,CellLines
pearson,arrayfire-sparse,0.4023304376879385,CellLines
manhattan,arrayfire-sparse,0.04827953316870195,CellLines
euclidean,raft-dense,0.6632429986902383,CellLines
cosine,raft-dense,0.4512065651834432,CellLines
pearson,raft-dense,0.3312895396032204,CellLines
manhattan,raft-dense,0.7440270291723452,CellLines
euclidean,raft-sparse,0.37287436387866313,CellLines
cosine,raft-sparse,0.3426627060767652,CellLines
pearson,raft-sparse,0.29965554013710227,CellLines
manhattan,raft-sparse,0.24351565110551482,CellLines
euclidean,armadillo-dense,0.3215491773161413,CellLines
cosine,armadillo-dense,0.30733828950303577,CellLines
pearson,armadillo-dense,0.13533824381096768,CellLines
manhattan,armadillo-dense,0.0002674702434532424,CellLines
euclidean,armadillo-sparse,0.05204655192136192,CellLines
cosine,armadillo-sparse,0.049164742672673505,CellLines
pearson,armadillo-sparse,0.04973737994662846,CellLines
manhattan,armadillo-sparse,0.0006741730659682778,CellLines
euclidean,amap,0.00022632968031279202,CellLines
cosine,amap,0.00019030617750069183,CellLines
pearson,amap,0.00020093738574633303,CellLines
manhattan,amap,0.0002694618562234195,CellLines
spearman,amap,0.0010762928925164325,CellLines
euclidean,factoextra,0.00015027337045215702,CellLines
cosine,factoextra,0.0012371191092907774,CellLines
manhattan,factoextra,0.0001766513560787545,CellLines
spearman,factoextra,0.008507892018283546,CellLines
euclidean,pandas,0.001181413746020407,CellLines
cosine,pandas,0.00039949420071466117,CellLines
pearson,pandas,0.0005760595926606357,CellLines
manhattan,pandas,0.0015751286309663229,CellLines
spearman,pandas,0.001611171862925036,CellLines
kendall,pandas,0.13477781637324115,CellLines
euclidean,scipy,0.005010491225594115,CellLines
cosine,scipy,0.00022017885354882346,CellLines
pearson,scipy,0.12935521452435186,CellLines
manhattan,scipy,0.0004703699450516226,CellLines
spearman,scipy,0.0019819560810089517,CellLines
kendall,scipy,0.47966221680733934,CellLines
euclidean,GADES-GPU-dense,1.0,HLCA_marrow
cosine,GADES-GPU-dense,1.0,HLCA_marrow
pearson,GADES-GPU-dense,1.0,HLCA_marrow
manhattan,GADES-GPU-dense,1.0,HLCA_marrow
spearman,GADES-GPU-dense,1.0,HLCA_marrow
kendall,GADES-GPU-dense,1.0,HLCA_marrow
euclidean,GADES-GPU-sparse,0.3864472492392551,HLCA_marrow
cosine,GADES-GPU-sparse,0.355675020265593,HLCA_marrow
pearson,GADES-GPU-sparse,0.3537773513683161,HLCA_marrow
manhattan,GADES-GPU-sparse,0.020543613733355077,HLCA_marrow
spearman,GADES-GPU-sparse,2.5359555052753553,HLCA_marrow
kendall,GADES-GPU-sparse,4.700897174983889,HLCA_marrow
euclidean,GADES-CPU-dense,0.03669148464118205,HLCA_marrow
cosine,GADES-CPU-dense,0.03191897073962014,HLCA_marrow
pearson,GADES-CPU-dense,0.031128435068057105,HLCA_marrow
manhattan,GADES-CPU-dense,0.019256185116282097,HLCA_marrow
spearman,GADES-CPU-dense,0.8645267154816271,HLCA_marrow
kendall,GADES-CPU-dense,0.6408165768512599,HLCA_marrow
euclidean,GADES-CPU-sparse,0.0467342068576865,HLCA_marrow
cosine,GADES-CPU-sparse,0.04075470264829603,HLCA_marrow
pearson,GADES-CPU-sparse,0.03969810454973517,HLCA_marrow
manhattan,GADES-CPU-sparse,0.01601184298101299,HLCA_marrow
spearman,GADES-CPU-sparse,1.5373612949453141,HLCA_marrow
kendall,GADES-CPU-sparse,1.6219101846729214,HLCA_marrow
euclidean,arrayfire-dense,0.7972845806088593,HLCA_marrow
cosine,arrayfire-dense,0.6681164237660289,HLCA_marrow
pearson,arrayfire-dense,0.6225289152181933,HLCA_marrow
manhattan,arrayfire-dense,0.027312271216622337,HLCA_marrow
euclidean,arrayfire-sparse,0.11191379985360955,HLCA_marrow
cosine,arrayfire-sparse,0.1007310481226879,HLCA_marrow
pearson,arrayfire-sparse,0.10707306258519043,HLCA_marrow
manhattan,arrayfire-sparse,0.026912123405587452,HLCA_marrow
euclidean,raft-dense,0.5416396476418845,HLCA_marrow
cosine,raft-dense,0.2573262661877275,HLCA_marrow
pearson,raft-dense,0.21828356018997241,HLCA_marrow
manhattan,raft-dense,0.8690906906191124,HLCA_marrow
euclidean,raft-sparse,0.04207593090867375,HLCA_marrow
cosine,raft-sparse,0.0352836497616205,HLCA_marrow
pearson,raft-sparse,0.19414815612632408,HLCA_marrow
manhattan,raft-sparse,0.03257364194331416,HLCA_marrow
euclidean,armadillo-dense,0.1788498723083837,HLCA_marrow
cosine,armadillo-dense,0.17187850028303364,HLCA_marrow
pearson,armadillo-dense,0.12238669026340782,HLCA_marrow
manhattan,armadillo-dense,7.349467389286261e-05,HLCA_marrow
euclidean,armadillo-sparse,0.002008914680701577,HLCA_marrow
cosine,armadillo-sparse,0.001684460824059146,HLCA_marrow
pearson,armadillo-sparse,0.0016978238443072218,HLCA_marrow
manhattan,armadillo-sparse,7.350140220154887e-05,HLCA_marrow
euclidean,amap,7.70382859889291e-05,HLCA_marrow
cosine,amap,6.0173401302487905e-05,HLCA_marrow
pearson,amap,6.23285680916438e-05,HLCA_marrow
manhattan,amap,0.00012498495241839108,HLCA_marrow
spearman,amap,0.013867806446520699,HLCA_marrow
euclidean,factoextra,7.514689243817044e-05,HLCA_marrow
cosine,factoextra,0.00041055419268702333,HLCA_marrow
manhattan,factoextra,0.000123043020205922,HLCA_marrow
spearman,factoextra,0.0676803880148927,HLCA_marrow
euclidean,pandas,0.00029486013713155094,HLCA_marrow
cosine,pandas,8.087302974900569e-05,HLCA_marrow
pearson,pandas,0.00018268394843594515,HLCA_marrow
manhattan,pandas,0.0005721747342116589,HLCA_marrow
spearman,pandas,0.015330701496604671,HLCA_marrow
kendall,pandas,0.04216092096926195,HLCA_marrow
euclidean,scipy,0.0017326080026143582,HLCA_marrow
cosine,scipy,0.00025177130089569917,HLCA_marrow
pearson,scipy,0.08702746695581393,HLCA_marrow
manhattan,scipy,0.0017475038634554418,HLCA_marrow
spearman,scipy,0.013898140379788364,HLCA_marrow
kendall,scipy,0.4409663435025087,HLCA_marrow
euclidean,GADES-GPU-dense,1.0,HSC
cosine,GADES-GPU-dense,1.0,HSC
pearson,GADES-GPU-dense,1.0,HSC
manhattan,GADES-GPU-dense,1.0,HSC
spearman,GADES-GPU-dense,1.0,HSC
kendall,GADES-GPU-dense,1.0,HSC
euclidean,GADES-GPU-sparse,1.2659484613398575,HSC
cosine,GADES-GPU-sparse,1.2781290261353702,HSC
pearson,GADES-GPU-sparse,1.281555598363721,HSC
manhattan,GADES-GPU-sparse,0.10643573031492373,HSC
spearman,GADES-GPU-sparse,1.1086899536040888,HSC
kendall,GADES-GPU-sparse,16.7788835906243,HSC
euclidean,GADES-CPU-dense,0.154652702805809,HSC
cosine,GADES-CPU-dense,0.13072138847112894,HSC
pearson,GADES-CPU-dense,0.12831797661149139,HSC
manhattan,GADES-CPU-dense,0.022902024437649264,HSC
spearman,GADES-CPU-dense,0.06486810066412645,HSC
kendall,GADES-CPU-dense,0.9582789430825912,HSC
euclidean,GADES-CPU-sparse,0.16422820711758251,HSC
cosine,GADES-CPU-sparse,0.14119895346466468,HSC
pearson,GADES-CPU-sparse,0.15359932636639778,HSC
manhattan,GADES-CPU-sparse,0.1337418872606567,HSC
spearman,GADES-CPU-sparse,0.701912265992684,HSC
kendall,GADES-CPU-sparse,16.918982769184154,HSC
euclidean,arrayfire-dense,0.8949295830957711,HSC
cosine,arrayfire-dense,0.7811577250804989,HSC
pearson,arrayfire-dense,0.771035054020381,HSC
manhattan,arrayfire-dense,0.0433687169873977,HSC
euclidean,arrayfire-sparse,0.43861940791239235,HSC
cosine,arrayfire-sparse,0.38827053934368805,HSC
pearson,arrayfire-sparse,0.3731596039617028,HSC
manhattan,arrayfire-sparse,0.04282915417411352,HSC
euclidean,raft-dense,0.6221008526096591,HSC
cosine,raft-dense,0.3590549181993945,HSC
pearson,raft-dense,0.2781375050507962,HSC
manhattan,raft-dense,0.8387124500919372,HSC
euclidean,raft-sparse,0.2729930999965181,HSC
cosine,raft-sparse,0.2320101750031582,HSC
pearson,raft-sparse,0.25910120066780384,HSC
manhattan,raft-sparse,0.1849441598189883,HSC
euclidean,armadillo-dense,0.30074241433041465,HSC
cosine,armadillo-dense,0.26670017421983216,HSC
pearson,armadillo-dense,0.14908942866984165,HSC
manhattan,armadillo-dense,0.0002571492220384151,HSC
euclidean,armadillo-sparse,0.03361526862399443,HSC
cosine,armadillo-sparse,0.028034557645903218,HSC
pearson,armadillo-sparse,0.02840570082598436,HSC
manhattan,armadillo-sparse,0.0001938661814639465,HSC
euclidean,amap,0.0006041530077083133,HSC
cosine,amap,0.0002564956979116898,HSC
pearson,amap,0.00037603207665064237,HSC
manhattan,amap,0.000835340693643108,HSC
spearman,amap,0.0012015838711640222,HSC
euclidean,factoextra,0.0002748080551133782,HSC
cosine,factoextra,0.000948507913177489,HSC
manhattan,factoextra,0.00038909444240895863,HSC
spearman,factoextra,0.007221173852592637,HSC
euclidean,pandas,0.0018977539722034814,HSC
cosine,pandas,0.00030204821941440707,HSC
pearson,pandas,0.00035774600398608196,HSC
manhattan,pandas,0.0030318708098304547,HSC
spearman,pandas,0.0028167171016659476,HSC
euclidean,scipy,0.003270944708788705,HSC
cosine,scipy,0.0010776994836359153,HSC
pearson,scipy,0.3570841965919536,HSC
manhattan,scipy,0.009466813909537334,HSC
spearman,scipy,0.0012079127794443324,HSC
euclidean,GADES-GPU-dense,1.0,ModCloth
cosine,GADES-GPU-dense,1.0,ModCloth
pearson,GADES-GPU-dense,1.0,ModCloth
manhattan,GADES-GPU-dense,1.0,ModCloth
spearman,GADES-GPU-dense,1.0,ModCloth
kendall,GADES-GPU-dense,1.0,ModCloth
euclidean,GADES-GPU-sparse,1.429545123401886,ModCloth
cosine,GADES-GPU-sparse,1.477487851533953,ModCloth
pearson,GADES-GPU-sparse,1.4565974053864468,ModCloth
manhattan,GADES-GPU-sparse,0.07460353242188086,ModCloth
spearman,GADES-GPU-sparse,32.6292722636071,ModCloth
kendall,GADES-GPU-sparse,150.36598325525563,ModCloth
euclidean,GADES-CPU-dense,0.029010603741993757,ModCloth
cosine,GADES-CPU-dense,0.026914743992898706,ModCloth
pearson,GADES-CPU-dense,0.026916963152390155,ModCloth
manhattan,GADES-CPU-dense,0.001199387369455296,ModCloth
spearman,GADES-CPU-dense,0.20175627523565318,ModCloth
kendall,GADES-CPU-dense,0.807878713851898,ModCloth
euclidean,GADES-CPU-sparse,0.03526471564243958,ModCloth
cosine,GADES-CPU-sparse,0.03257483870889745,ModCloth
pearson,GADES-CPU-sparse,0.03317089717263311,ModCloth
manhattan,GADES-CPU-sparse,0.06676339518994297,ModCloth
spearman,GADES-CPU-sparse,28.369996943185804,ModCloth
kendall,GADES-CPU-sparse,72.42374117899712,ModCloth
euclidean,raft-dense,0.022766598263715663,ModCloth
cosine,raft-dense,0.18650123140667627,ModCloth
pearson,raft-dense,0.18807054658192823,ModCloth
manhattan,raft-dense,0.42770989089827605,ModCloth
cosine,raft-sparse,0.44302187476734567,ModCloth
pearson,raft-sparse,0.22080471158438236,ModCloth
manhattan,raft-sparse,0.6156264696460417,ModCloth
euclidean,armadillo-dense,0.03190562861835591,ModCloth
cosine,armadillo-dense,0.031071925767627996,ModCloth
pearson,armadillo-dense,0.03153960102505371,ModCloth
manhattan,armadillo-dense,0.00012419018799589296,ModCloth
euclidean,armadillo-sparse,0.05022750992941635,ModCloth
cosine,armadillo-sparse,0.047908748347843644,ModCloth
pearson,armadillo-sparse,0.02650069767346706,ModCloth
manhattan,armadillo-sparse,0.007372254107249568,ModCloth
euclidean,amap,0.0002985513602260829,ModCloth
cosine,amap,0.0001361740357960318,ModCloth
pearson,amap,0.00019968308657932978,ModCloth
manhattan,amap,0.0004085153672729842,ModCloth
spearman,amap,0.051059768859148924,ModCloth
euclidean,factoextra,0.00013614792575874517,ModCloth
cosine,factoextra,0.000366522996323679,ModCloth
manhattan,factoextra,0.0001903614626910691,ModCloth
spearman,factoextra,0.21502564607324143,ModCloth
euclidean,pandas,7.712527688317351e-05,ModCloth
cosine,pandas,3.592920095356104e-05,ModCloth
pearson,pandas,0.00019232200313337692,ModCloth
manhattan,pandas,0.0001014963880004773,ModCloth
spearman,pandas,0.119010751823097,ModCloth
pearson,scipy,0.03842184569918775,ModCloth
euclidean,GADES-GPU-dense,1.0,Chen
cosine,GADES-GPU-dense,1.0,Chen
pearson,GADES-GPU-dense,1.0,Chen
manhattan,GADES-GPU-dense,1.0,Chen
spearman,GADES-GPU-dense,1.0,Chen
kendall,GADES-GPU-dense,1.0,Chen
euclidean,GADES-GPU-sparse,0.7087343647226457,Chen
cosine,GADES-GPU-sparse,0.9643156845352774,Chen
pearson,GADES-GPU-sparse,0.9578816019326263,Chen
manhattan,GADES-GPU-sparse,0.04570374967478273,Chen
spearman,GADES-GPU-sparse,12.341465592244326,Chen
kendall,GADES-GPU-sparse,6.5760949333137,Chen
euclidean,GADES-CPU-dense,0.05391342612998846,Chen
cosine,GADES-CPU-dense,0.04562376237744902,Chen
pearson,GADES-CPU-dense,0.045412187432564095,Chen
manhattan,GADES-CPU-dense,0.014181157581187553,Chen
spearman,GADES-CPU-dense,0.06410720683803954,Chen
kendall,GADES-CPU-dense,0.9192279050694513,Chen
euclidean,GADES-CPU-sparse,0.07387692057480627,Chen
cosine,GADES-CPU-sparse,0.07216024800759155,Chen
pearson,GADES-CPU-sparse,0.06791434122634525,Chen
manhattan,GADES-CPU-sparse,0.022669978215443032,Chen
spearman,GADES-CPU-sparse,3.358789380531532,Chen
kendall,GADES-CPU-sparse,4.5442978606257425,Chen
euclidean,arrayfire-dense,0.5868392503174314,Chen
cosine,arrayfire-dense,0.4937461477196818,Chen
pearson,arrayfire-dense,0.5197078693254884,Chen
manhattan,arrayfire-dense,0.015611893383395565,Chen
euclidean,arrayfire-sparse,0.11958501204607572,Chen
cosine,arrayfire-sparse,0.10053088701774494,Chen
pearson,arrayfire-sparse,0.1038014707295229,Chen
manhattan,arrayfire-sparse,0.01574588124793007,Chen
euclidean,raft-dense,0.4044515453525292,Chen
cosine,raft-dense,0.19529168177283338,Chen
pearson,raft-dense,0.1847393010717143,Chen
manhattan,raft-dense,0.6775298653382891,Chen
euclidean,raft-sparse,0.0745102063533211,Chen
cosine,raft-sparse,0.0623803124682147,Chen
pearson,raft-sparse,0.17794787400641682,Chen
manhattan,raft-sparse,0.055790151959558824,Chen
euclidean,armadillo-dense,0.09042369238881383,Chen
cosine,armadillo-dense,0.08573867674354657,Chen
pearson,armadillo-dense,0.055950377447330196,Chen
manhattan,armadillo-dense,0.00010468128766891971,Chen
euclidean,armadillo-sparse,0.004874994326365243,Chen
cosine,armadillo-sparse,0.004268660376181541,Chen
pearson,armadillo-sparse,0.00421767091088627,Chen
manhattan,armadillo-sparse,0.0011271525910754763,Chen
euclidean,amap,0.0002073977287143636,Chen
cosine,amap,8.702944236224293e-05,Chen
pearson,amap,0.00012688475093029582,Chen
manhattan,amap,0.0003401074199734505,Chen
spearman,amap,0.014244280547282807,Chen
euclidean,factoextra,9.427619515856386e-05,Chen
cosine,factoextra,0.000254086908086872,Chen
manhattan,factoextra,0.00015811422660993592,Chen
spearman,factoextra,0.07299451305570895,Chen
euclidean,pandas,0.00020927888622844626,Chen
cosine,pandas,5.297566801088022e-05,Chen
pearson,pandas,0.00012328688005824631,Chen
manhattan,pandas,0.00037026588439134867,Chen
spearman,pandas,0.03327309524409506,Chen
euclidean,scipy,0.0011246442965946006,Chen
cosine,scipy,0.00030972389873625044,Chen
pearson,scipy,0.07547783930159092,Chen
manhattan,scipy,0.00225146775288458,Chen
spearman,scipy,0.01430745912496804,Chen
euclidean,GADES-GPU-dense,1.0,PBMC5K
cosine,GADES-GPU-dense,1.0,PBMC5K
pearson,GADES-GPU-dense,1.0,PBMC5K
manhattan,GADES-GPU-dense,1.0,PBMC5K
spearman,GADES-GPU-dense,1.0,PBMC5K
kendall,GADES-GPU-dense,1.0,PBMC5K
euclidean,GADES-GPU-sparse,0.778502880677389,PBMC5K
cosine,GADES-GPU-sparse,0.7404863062317923,PBMC5K
pearson,GADES-GPU-sparse,0.7270247046971119,PBMC5K
manhattan,GADES-GPU-sparse,0.027691617070911,PBMC5K
spearman,GADES-GPU-sparse,0.8883214279346933,PBMC5K
kendall,GADES-GPU-sparse,8.59237104950274,PBMC5K
euclidean,GADES-CPU-dense,0.07522320767757149,PBMC5K
cosine,GADES-CPU-dense,0.0566332167447304,PBMC5K
pearson,GADES-CPU-dense,0.0569508462407314,PBMC5K
manhattan,GADES-CPU-dense,0.019537738921623037,PBMC5K
spearman,GADES-CPU-dense,0.1677089273706238,PBMC5K
kendall,GADES-CPU-dense,1.2368764165701704,PBMC5K
euclidean,GADES-CPU-sparse,0.08914604582230186,PBMC5K
cosine,GADES-CPU-sparse,0.06930699759551041,PBMC5K
pearson,GADES-CPU-sparse,0.07020953766966907,PBMC5K
manhattan,GADES-CPU-sparse,0.026766200166786713,PBMC5K
spearman,GADES-CPU-sparse,0.5630464945951826,PBMC5K
kendall,GADES-CPU-sparse,7.597185473649885,PBMC5K
euclidean,arrayfire-dense,0.6208811816018855,PBMC5K
cosine,arrayfire-dense,0.4686495751321081,PBMC5K
pearson,arrayfire-dense,0.35763825144087474,PBMC5K
manhattan,arrayfire-dense,0.02131043888343302,PBMC5K
euclidean,arrayfire-sparse,0.12521004124118223,PBMC5K
cosine,arrayfire-sparse,0.09192986594221171,PBMC5K
pearson,arrayfire-sparse,0.09721539917371724,PBMC5K
manhattan,arrayfire-sparse,0.019271512375763192,PBMC5K
euclidean,raft-dense,0.5132290055796016,PBMC5K
cosine,raft-dense,0.19588234889285003,PBMC5K
pearson,raft-dense,0.18508887108647096,PBMC5K
manhattan,raft-dense,0.8795784709155549,PBMC5K
euclidean,raft-sparse,0.03581340027810157,PBMC5K
cosine,raft-sparse,0.024249518748838014,PBMC5K
pearson,raft-sparse,0.14928563170273135,PBMC5K
manhattan,raft-sparse,0.027246096191976297,PBMC5K
euclidean,armadillo-dense,0.20540665176212713,PBMC5K
cosine,armadillo-dense,0.15680030136949455,PBMC5K
pearson,armadillo-dense,0.12265629475274448,PBMC5K
manhattan,armadillo-dense,0.00013873160458910828,PBMC5K
euclidean,armadillo-sparse,0.005948084882364497,PBMC5K
cosine,armadillo-sparse,0.004544375061232994,PBMC5K
pearson,armadillo-sparse,0.004606697145893598,PBMC5K
manhattan,armadillo-sparse,0.001147486258695476,PBMC5K
euclidean,amap,0.0002559841011413836,PBMC5K
cosine,amap,9.324995800579e-05,PBMC5K
pearson,amap,0.00013964293928325362,PBMC5K
manhattan,amap,0.00045079487887088516,PBMC5K
spearman,amap,0.0025829494957506586,PBMC5K
euclidean,factoextra,0.00011626757324017655,PBMC5K
cosine,factoextra,0.0003047694382552909,PBMC5K
manhattan,factoextra,0.00020976357582036748,PBMC5K
spearman,factoextra,0.015882576992629825,PBMC5K
euclidean,pandas,0.0004350168219200902,PBMC5K
cosine,pandas,9.008395122049656e-05,PBMC5K
pearson,pandas,0.00013705031087874055,PBMC5K
manhattan,pandas,0.000881440422472247,PBMC5K
spearman,pandas,0.006011537933508825,PBMC5K
euclidean,scipy,0.0013803130632865368,PBMC5K
cosine,scipy,0.00038365664515260697,PBMC5K
pearson,scipy,0.17329239432234014,PBMC5K
manhattan,scipy,0.004683506782729244,PBMC5K
spearman,scipy,0.0025946035763250194,PBMC5K
euclidean,GADES-GPU-dense,1.0,FibrocardRNA
cosine,GADES-GPU-dense,1.0,FibrocardRNA
pearson,GADES-GPU-dense,1.0,FibrocardRNA
manhattan,GADES-GPU-dense,1.0,FibrocardRNA
spearman,GADES-GPU-dense,1.0,FibrocardRNA
kendall,GADES-GPU-dense,1.0,FibrocardRNA
euclidean,GADES-GPU-sparse,1.19434665746693,FibrocardRNA
cosine,GADES-GPU-sparse,1.3508851428504016,FibrocardRNA
pearson,GADES-GPU-sparse,1.319061133301869,FibrocardRNA
manhattan,GADES-GPU-sparse,0.04925653870824882,FibrocardRNA
spearman,GADES-GPU-sparse,9.406300842922201,FibrocardRNA
kendall,GADES-GPU-sparse,10.514121226848037,FibrocardRNA
euclidean,GADES-CPU-dense,0.05558787582461229,FibrocardRNA
cosine,GADES-CPU-dense,0.042754745143805284,FibrocardRNA
pearson,GADES-CPU-dense,0.042136324842923636,FibrocardRNA
manhattan,GADES-CPU-dense,0.013624255983660712,FibrocardRNA
spearman,GADES-CPU-dense,0.5138348811018847,FibrocardRNA
kendall,GADES-CPU-dense,0.9333070649317232,FibrocardRNA
euclidean,GADES-CPU-sparse,0.08109358769019152,FibrocardRNA
cosine,GADES-CPU-sparse,0.06725324224263837,FibrocardRNA
pearson,GADES-CPU-sparse,0.06846958471172435,FibrocardRNA
manhattan,GADES-CPU-sparse,0.027499980849200703,FibrocardRNA
spearman,GADES-CPU-sparse,2.451804465482878,FibrocardRNA
kendall,GADES-CPU-sparse,7.029794076685001,FibrocardRNA
euclidean,arrayfire-dense,0.6608219522345626,FibrocardRNA
cosine,arrayfire-dense,0.4515883632169935,FibrocardRNA
pearson,arrayfire-dense,0.33912254001684866,FibrocardRNA
manhattan,arrayfire-dense,0.01842516269236427,FibrocardRNA
euclidean,arrayfire-sparse,0.13509133292458614,FibrocardRNA
cosine,arrayfire-sparse,0.10684794398002691,FibrocardRNA
pearson,arrayfire-sparse,0.11047441448335546,FibrocardRNA
manhattan,arrayfire-sparse,0.08609948181299171,FibrocardRNA
euclidean,raft-dense,0.34582811440723193,FibrocardRNA
cosine,raft-dense,0.14624542317462272,FibrocardRNA
pearson,raft-dense,0.11715018264589626,FibrocardRNA
manhattan,raft-dense,0.6658212201875098,FibrocardRNA
euclidean,raft-sparse,0.07385750068724942,FibrocardRNA
cosine,raft-sparse,0.055023855143619536,FibrocardRNA
pearson,raft-sparse,0.1368075500818074,FibrocardRNA
manhattan,raft-sparse,0.07587245170834384,FibrocardRNA
euclidean,armadillo-dense,0.09021101436785565,FibrocardRNA
cosine,armadillo-dense,0.07584443837838345,FibrocardRNA
pearson,armadillo-dense,0.06406383237827362,FibrocardRNA
manhattan,armadillo-dense,0.00010007149426037705,FibrocardRNA
euclidean,armadillo-sparse,0.006293814037772785,FibrocardRNA
cosine,armadillo-sparse,0.004891538807233781,FibrocardRNA
pearson,armadillo-sparse,0.004851174959679309,FibrocardRNA
manhattan,armadillo-sparse,0.0014226219698000398,FibrocardRNA
euclidean,amap,0.00020180254707661497,FibrocardRNA
cosine,amap,7.497780642009135e-05,FibrocardRNA
pearson,amap,0.0001100769102022824,FibrocardRNA
manhattan,amap,0.00032540702609265494,FibrocardRNA
spearman,amap,0.008219183054600501,FibrocardRNA
euclidean,factoextra,9.197924758241454e-05,FibrocardRNA
cosine,factoextra,0.00021934219481136694,FibrocardRNA
manhattan,factoextra,0.00015084234207937957,FibrocardRNA
spearman,factoextra,0.0452385945327749,FibrocardRNA
euclidean,pandas,0.0002069209276477212,FibrocardRNA
cosine,pandas,4.8429493442041154e-05,FibrocardRNA
pearson,pandas,0.00010927120010109661,FibrocardRNA
manhattan,pandas,0.0003622144720153459,FibrocardRNA
spearman,pandas,0.01918218861827189,FibrocardRNA
pearson,scipy,0.09545801974494532,FibrocardRNA
euclidean,GADES-GPU-dense,1.0,TaFeng
cosine,GADES-GPU-dense,1.0,TaFeng
pearson,GADES-GPU-dense,1.0,TaFeng
manhattan,GADES-GPU-dense,1.0,TaFeng
spearman,GADES-GPU-dense,1.0,TaFeng
kendall,GADES-GPU-dense,1.0,TaFeng
euclidean,GADES-GPU-sparse,1.1474158872873144,TaFeng
cosine,GADES-GPU-sparse,2.7168034078938263,TaFeng
pearson,GADES-GPU-sparse,2.6069112201273037,TaFeng
manhattan,GADES-GPU-sparse,1.300667418609275,TaFeng
spearman,GADES-GPU-sparse,89.37507357855286,TaFeng
kendall,GADES-GPU-sparse,1724.0774030728994,TaFeng
euclidean,GADES-CPU-dense,0.05486391265563914,TaFeng
cosine,GADES-CPU-dense,0.042038347657595704,TaFeng
pearson,GADES-CPU-dense,0.04593445742092002,TaFeng
manhattan,GADES-CPU-dense,0.01895026115084955,TaFeng
spearman,GADES-CPU-dense,0.5684876069257873,TaFeng
kendall,GADES-CPU-dense,0.9139068697024442,TaFeng
euclidean,GADES-CPU-sparse,0.108718695430375,TaFeng
cosine,GADES-CPU-sparse,0.08046260391219841,TaFeng
pearson,GADES-CPU-sparse,0.08341586496204544,TaFeng
manhattan,GADES-CPU-sparse,0.9069451971380981,TaFeng
spearman,GADES-CPU-sparse,64.15260910304625,TaFeng
kendall,GADES-CPU-sparse,416.6320540515365,TaFeng
euclidean,arrayfire-dense,0.5074827828167403,TaFeng
cosine,arrayfire-dense,0.3811809107363324,TaFeng
pearson,arrayfire-dense,0.30757627839524765,TaFeng
manhattan,arrayfire-dense,0.025801902319213286,TaFeng
euclidean,arrayfire-sparse,1.54494359593797,TaFeng
cosine,arrayfire-sparse,1.1968328809913147,TaFeng
pearson,arrayfire-sparse,0.8173217134492596,TaFeng
manhattan,arrayfire-sparse,4.706260600121297,TaFeng
euclidean,raft-dense,0.412992603165955,TaFeng
cosine,raft-dense,0.1629752975740787,TaFeng
pearson,raft-dense,0.13086506418513522,TaFeng
manhattan,raft-dense,1.0039379135099349,TaFeng
euclidean,raft-sparse,3.456691097188716,TaFeng
cosine,raft-sparse,2.462751790801878,TaFeng
pearson,raft-sparse,0.14359624142715738,TaFeng
manhattan,raft-sparse,4.355509063599371,TaFeng
euclidean,armadillo-dense,0.08844068836228874,TaFeng
cosine,armadillo-dense,0.07419630208100567,TaFeng
pearson,armadillo-dense,0.07008263920005857,TaFeng
manhattan,armadillo-dense,0.00013873926631184945,TaFeng
euclidean,armadillo-sparse,0.21790106856664496,TaFeng
cosine,armadillo-sparse,0.17001287690913428,TaFeng
pearson,armadillo-sparse,0.14461042740508903,TaFeng
manhattan,armadillo-sparse,0.06231145245118249,TaFeng
euclidean,amap,0.0002009991850673987,TaFeng
cosine,amap,7.458681864283716e-05,TaFeng
pearson,amap,0.00012149036878217554,TaFeng
manhattan,amap,0.00045226658053085765,TaFeng
spearman,amap,0.00913098905733024,TaFeng
euclidean,factoextra,9.169701194073555e-05,TaFeng
cosine,factoextra,0.0002180361775137781,TaFeng
manhattan,factoextra,0.0002102782723840913,TaFeng
spearman,factoextra,0.050383842097182246,TaFeng
euclidean,pandas,0.00020282991797525334,TaFeng
cosine,pandas,4.693043830255027e-05,TaFeng
pearson,pandas,0.00011997895484975895,TaFeng
manhattan,pandas,0.0004937813022960515,TaFeng
spearman,pandas,0.021351114365216715,TaFeng
pearson,scipy,0.1061626783079876,TaFeng
euclidean,GADES-GPU-dense,1.0,Pinterest
cosine,GADES-GPU-dense,1.0,Pinterest
pearson,GADES-GPU-dense,1.0,Pinterest
manhattan,GADES-GPU-dense,1.0,Pinterest
spearman,GADES-GPU-dense,1.0,Pinterest
kendall,GADES-GPU-dense,1.0,Pinterest
euclidean,GADES-GPU-sparse,1.4425937410286498,Pinterest
cosine,GADES-GPU-sparse,2.4116186139693676,Pinterest
pearson,GADES-GPU-sparse,2.1511255807104805,Pinterest
manhattan,GADES-GPU-sparse,0.47806673858615856,Pinterest
spearman,GADES-GPU-sparse,64.37938089392921,Pinterest
kendall,GADES-GPU-sparse,671.7349468384602,Pinterest
euclidean,GADES-CPU-dense,0.05601391531911251,Pinterest
cosine,GADES-CPU-dense,0.04417844600189593,Pinterest
pearson,GADES-CPU-dense,0.04510528536920114,Pinterest
manhattan,GADES-CPU-dense,0.015561715378218544,Pinterest
spearman,GADES-CPU-dense,0.9002788310376271,Pinterest
kendall,GADES-CPU-dense,0.7822325526793146,Pinterest
euclidean,GADES-CPU-sparse,0.07872868010643712,Pinterest
cosine,GADES-CPU-sparse,0.06178335594298792,Pinterest
pearson,GADES-CPU-sparse,0.06348880055561663,Pinterest
manhattan,GADES-CPU-sparse,0.294453699985598,Pinterest
spearman,GADES-CPU-sparse,40.97921851796344,Pinterest
kendall,GADES-CPU-sparse,148.6657666270229,Pinterest
euclidean,raft-dense,0.2801606436571312,Pinterest
cosine,raft-dense,0.15694441025747663,Pinterest
pearson,raft-dense,0.11303765748143148,Pinterest
manhattan,raft-dense,0.7827774998397222,Pinterest
cosine,raft-sparse,1.1634776070069612,Pinterest
pearson,raft-sparse,0.1376104265811079,Pinterest
manhattan,raft-sparse,1.4316907662961444,Pinterest
euclidean,armadillo-dense,0.06870066584988899,Pinterest
cosine,armadillo-dense,0.05939164950515186,Pinterest
pearson,armadillo-dense,0.049029336092860275,Pinterest
manhattan,armadillo-dense,0.00012215210943868074,Pinterest
euclidean,armadillo-sparse,0.08098086067520113,Pinterest
cosine,armadillo-sparse,0.06539231861128617,Pinterest
pearson,armadillo-sparse,0.052232141389496944,Pinterest
manhattan,armadillo-sparse,0.02098294051887172,Pinterest
euclidean,amap,0.00019740522868676478,Pinterest
cosine,amap,7.601737387132543e-05,Pinterest
pearson,amap,0.00011382944004793754,Pinterest
manhattan,amap,0.0003972615327355273,Pinterest
euclidean,factoextra,8.973373150967966e-05,Pinterest
cosine,factoextra,0.00022037969112375408,Pinterest
manhattan,factoextra,0.0001843848743692305,Pinterest
spearman,factoextra,0.07957875728953881,Pinterest
euclidean,pandas,0.0001596943342106945,Pinterest
pearson,pandas,0.00011284159834841477,Pinterest
manhattan,pandas,0.00033649790246322026,Pinterest
spearman,pandas,0.03646889767109007,Pinterest
euclidean,GADES-GPU-dense,1.0,Anime
cosine,GADES-GPU-dense,1.0,Anime
pearson,GADES-GPU-dense,1.0,Anime
manhattan,GADES-GPU-dense,1.0,Anime
spearman,GADES-GPU-dense,1.0,Anime
kendall,GADES-GPU-dense,1.0,Anime
euclidean,GADES-GPU-sparse,2.024364497510546,Anime
cosine,GADES-GPU-sparse,2.4247799800103134,Anime
pearson,GADES-GPU-sparse,2.2286469442285135,Anime
manhattan,GADES-GPU-sparse,0.4434721525906398,Anime
spearman,GADES-GPU-sparse,56.08972686698957,Anime
kendall,GADES-GPU-sparse,111.08238783412014,Anime
euclidean,GADES-CPU-dense,0.05573680727153117,Anime
cosine,GADES-CPU-dense,0.04482258639262194,Anime
pearson,GADES-CPU-dense,0.04494450043338918,Anime
manhattan,GADES-CPU-dense,0.016426224622358855,Anime
spearman,GADES-CPU-dense,0.9151713436470382,Anime
kendall,GADES-CPU-dense,0.7839830440377644,Anime
euclidean,GADES-CPU-sparse,0.07691014672061461,Anime
cosine,GADES-CPU-sparse,0.06256458847270913,Anime
pearson,GADES-CPU-sparse,0.06242577093018571,Anime
manhattan,GADES-CPU-sparse,0.18821174195778398,Anime
spearman,GADES-CPU-sparse,26.85695792793503,Anime
kendall,GADES-CPU-sparse,31.429361545047296,Anime
euclidean,raft-dense,0.18319136481457862,Anime
cosine,raft-dense,0.022597637673262463,Anime
pearson,raft-dense,0.0354655938031669,Anime
manhattan,raft-dense,0.9142432111114149,Anime
euclidean,raft-sparse,0.31605727586704696,Anime
cosine,raft-sparse,0.6293275059871712,Anime
pearson,raft-sparse,0.024991097531900566,Anime
manhattan,raft-sparse,0.5210494550779717,Anime
euclidean,armadillo-dense,0.06565635529275705,Anime
cosine,armadillo-dense,0.0582985804526082,Anime
pearson,armadillo-dense,0.051771049744450966,Anime
euclidean,armadillo-sparse,0.028816647716294334,Anime
cosine,armadillo-sparse,0.02369981919715368,Anime
pearson,armadillo-sparse,0.02183561238738733,Anime
manhattan,armadillo-sparse,0.008696141722559723,Anime
euclidean,pandas,0.00015318639642218545,Anime
pearson,pandas,0.00011093560642193458,Anime
manhattan,pandas,0.0003543574269649756,Anime
spearman,pandas,0.03701448720681882,Anime
euclidean,GADES-GPU-dense,1.0,BeerAdvocate
cosine,GADES-GPU-dense,1.0,BeerAdvocate
pearson,GADES-GPU-dense,1.0,BeerAdvocate
manhattan,GADES-GPU-dense,1.0,BeerAdvocate
spearman,GADES-GPU-dense,1.0,BeerAdvocate
euclidean,GADES-GPU-sparse,1.1665006189147982,BeerAdvocate
cosine,GADES-GPU-sparse,2.271897378994733,BeerAdvocate
pearson,GADES-GPU-sparse,1.7029641403748474,BeerAdvocate
manhattan,GADES-GPU-sparse,2.9022322184551093,BeerAdvocate
spearman,GADES-GPU-sparse,125.35000504207933,BeerAdvocate
euclidean,GADES-CPU-dense,0.0594109115452869,BeerAdvocate
cosine,GADES-CPU-dense,0.044224463117534994,BeerAdvocate
pearson,GADES-CPU-dense,0.04459910163201548,BeerAdvocate
manhattan,GADES-CPU-dense,0.017422266327976377,BeerAdvocate
spearman,GADES-CPU-dense,0.3357203164479703,BeerAdvocate
euclidean,GADES-CPU-sparse,0.12978971486383686,BeerAdvocate
cosine,GADES-CPU-sparse,0.09433724250500324,BeerAdvocate
pearson,GADES-CPU-sparse,0.09340823163693122,BeerAdvocate
manhattan,GADES-CPU-sparse,1.9607691262386622,BeerAdvocate
spearman,GADES-CPU-sparse,95.88742338337694,BeerAdvocate
euclidean,raft-dense,0.4335104672533234,BeerAdvocate
cosine,raft-dense,0.13104626548054896,BeerAdvocate
pearson,raft-dense,0.10451975903148715,BeerAdvocate
manhattan,raft-dense,1.3559608214951895,BeerAdvocate
euclidean,raft-sparse,6.294319712067525,BeerAdvocate
cosine,raft-sparse,5.082945736339168,BeerAdvocate
manhattan,raft-sparse,6.049769833098823,BeerAdvocate
euclidean,armadillo-dense,0.146758053003359,BeerAdvocate
cosine,armadillo-dense,0.10881616966701213,BeerAdvocate
pearson,armadillo-dense,0.1114384713307707,BeerAdvocate
euclidean,armadillo-sparse,0.3596874247063594,BeerAdvocate
cosine,armadillo-sparse,0.27313920112340523,BeerAdvocate
pearson,armadillo-sparse,0.23630289534728835,BeerAdvocate
manhattan,armadillo-sparse,0.09466651764683184,BeerAdvocate
euclidean,amap,0.00020263985594801655,BeerAdvocate
manhattan,amap,0.0004030998077320956,BeerAdvocate
cosine,factoextra,0.0002213869773525829,BeerAdvocate
spearman,factoextra,0.03310920723151159,BeerAdvocate
euclidean,pandas,0.00023260885763773587,BeerAdvocate
manhattan,pandas,0.0005288640795970662,BeerAdvocate
pearson,scipy,0.17961675198161356,BeerAdvocate
euclidean,GADES-GPU-dense,1.0,RateBeer
cosine,GADES-GPU-dense,1.0,RateBeer
pearson,GADES-GPU-dense,1.0,RateBeer
manhattan,GADES-GPU-dense,1.0,RateBeer
spearman,GADES-GPU-dense,1.0,RateBeer
euclidean,GADES-GPU-sparse,1.4043960168241416,RateBeer
cosine,GADES-GPU-sparse,1.9890296981756748,RateBeer
pearson,GADES-GPU-sparse,1.5829160043009678,RateBeer
manhattan,GADES-GPU-sparse,4.633745974267586,RateBeer
spearman,GADES-GPU-sparse,134.73337412034348,RateBeer
euclidean,GADES-CPU-dense,0.0643463158077263,RateBeer
cosine,GADES-CPU-dense,0.0449811426153697,RateBeer
pearson,GADES-CPU-dense,0.045901473080882195,RateBeer
manhattan,GADES-CPU-dense,0.017436865513251312,RateBeer
spearman,GADES-CPU-dense,0.24188637462450413,RateBeer
euclidean,GADES-CPU-sparse,0.14896488922202716,RateBeer
cosine,GADES-CPU-sparse,0.1029588251113001,RateBeer
pearson,GADES-CPU-sparse,0.10258930031173798,RateBeer
manhattan,GADES-CPU-sparse,2.4801635409179927,RateBeer
spearman,GADES-CPU-sparse,95.52727362774287,RateBeer
euclidean,raft-dense,0.0449125913090435,RateBeer
cosine,raft-dense,0.1390723424106009,RateBeer
manhattan,raft-dense,1.5612978505248396,RateBeer
euclidean,raft-sparse,7.85259511707912,RateBeer
cosine,raft-sparse,5.538786822487182,RateBeer
pearson,raft-sparse,0.1135788397255067,RateBeer
manhattan,raft-sparse,5.211093097604764,RateBeer
euclidean,armadillo-dense,0.2045831448577276,RateBeer
cosine,armadillo-dense,0.1411487328195456,RateBeer
pearson,armadillo-dense,0.1414588351029731,RateBeer
euclidean,armadillo-sparse,0.34502616121510526,RateBeer
cosine,armadillo-sparse,0.2434115950529347,RateBeer
pearson,armadillo-sparse,0.2298443768242569,RateBeer
manhattan,armadillo-sparse,0.08721101423268984,RateBeer
euclidean,amap,0.00021589051836745814,RateBeer
manhattan,amap,0.00040140778561271594,RateBeer
cosine,factoextra,0.00023437040649837697,RateBeer
spearman,factoextra,0.025322844352263004,RateBeer
euclidean,pandas,0.0003342212212111745,RateBeer
manhattan,pandas,0.0007193873310334973,RateBeer
pearson,scipy,0.23188246492636758,RateBeer
euclidean,GADES-GPU-dense,1.0,MovieLens20M
cosine,GADES-GPU-dense,1.0,MovieLens20M
pearson,GADES-GPU-dense,1.0,MovieLens20M
manhattan,GADES-GPU-dense,1.0,MovieLens20M
spearman,GADES-GPU-dense,1.0,MovieLens20M
euclidean,GADES-GPU-sparse,1.026778686569366,MovieLens20M
cosine,GADES-GPU-sparse,2.664656206570327,MovieLens20M
pearson,GADES-GPU-sparse,2.2304116237385476,MovieLens20M
manhattan,GADES-GPU-sparse,1.0534104780608993,MovieLens20M
spearman,GADES-GPU-sparse,140.18418443655054,MovieLens20M
euclidean,GADES-CPU-dense,0.05198088824746844,MovieLens20M
cosine,GADES-CPU-dense,0.03810599277880056,MovieLens20M
pearson,GADES-CPU-dense,0.04119121687210088,MovieLens20M
manhattan,GADES-CPU-dense,0.015307198935627687,MovieLens20M
spearman,GADES-CPU-dense,0.902091130489903,MovieLens20M
euclidean,GADES-CPU-sparse,0.10453286325744789,MovieLens20M
cosine,GADES-CPU-sparse,0.07986159797318923,MovieLens20M
pearson,GADES-CPU-sparse,0.08497517514739106,MovieLens20M
manhattan,GADES-CPU-sparse,0.3399872308307136,MovieLens20M
spearman,GADES-CPU-sparse,52.64922037250604,MovieLens20M
