metric,method,completed,wall_timed,total_datasets,unsupported
euclidean,GADES-GPU-dense,22,0,22,0
euclidean,GADES-GPU-sparse,22,0,22,0
euclidean,GADES-CPU-dense,22,0,22,0
euclidean,GADES-CPU-sparse,22,0,22,0
euclidean,arrayfire-dense,16,6,22,0
euclidean,arrayfire-sparse,16,6,22,0
euclidean,raft-dense,21,1,22,0
euclidean,raft-sparse,19,3,22,0
euclidean,armadillo-dense,21,1,22,0
euclidean,armadillo-sparse,21,1,22,0
euclidean,amap,20,2,22,0
euclidean,factoextra,18,4,22,0
euclidean,pandas,21,1,22,0
euclidean,scipy,13,9,22,0
cosine,GADES-GPU-dense,22,0,22,0
cosine,GADES-GPU-sparse,22,0,22,0
cosine,GADES-CPU-dense,22,0,22,0
cosine,GADES-CPU-sparse,22,0,22,0
cosine,arrayfire-dense,16,6,22,0
cosine,arrayfire-sparse,16,6,22,0
cosine,raft-dense,21,1,22,0
cosine,raft-sparse,21,1,22,0
cosine,armadillo-dense,21,1,22,0
cosine,armadillo-sparse,21,1,22,0
cosine,amap,18,4,22,0
cosine,factoextra,20,2,22,0
cosine,pandas,17,5,22,0
cosine,scipy,14,8,22,0
pearson,GADES-GPU-dense,22,0,22,0
pearson,GADES-GPU-sparse,22,0,22,0
pearson,GADES-CPU-dense,22,0,22,0
pearson,GADES-CPU-sparse,22,0,22,0
pearson,arrayfire-dense,16,6,22,0
pearson,arrayfire-sparse,16,6,22,0
pearson,raft-dense,20,2,22,0
pearson,raft-sparse,20,2,22,0
pearson,armadillo-dense,21,1,22,0
pearson,armadillo-sparse,21,1,22,0
pearson,amap,18,4,22,0
pearson,factoextra,0,22,22,0
pearson,pandas,19,3,22,0
pearson,scipy,19,3,22,0
manhattan,GADES-GPU-dense,22,0,22,0
manhattan,GADES-GPU-sparse,22,0,22,0
manhattan,GADES-CPU-dense,22,0,22,0
manhattan,GADES-CPU-sparse,22,0,22,0
manhattan,arrayfire-dense,16,6,22,0
manhattan,arrayfire-sparse,16,6,22,0
manhattan,raft-dense,21,1,22,0
manhattan,raft-sparse,21,1,22,0
manhattan,armadillo-dense,18,4,22,0
manhattan,armadillo-sparse,21,1,22,0
manhattan,amap,20,2,22,0
manhattan,factoextra,18,4,22,0
manhattan,pandas,21,1,22,0
manhattan,scipy,14,8,22,0
spearman,GADES-GPU-dense,22,0,22,0
spearman,GADES-GPU-sparse,22,0,22,0
spearman,GADES-CPU-dense,22,0,22,0
spearman,GADES-CPU-sparse,22,0,22,0
spearman,arrayfire-dense,0,0,22,1
spearman,arrayfire-sparse,0,0,22,1
spearman,raft-dense,0,0,22,1
spearman,raft-sparse,0,0,22,1
spearman,armadillo-dense,0,0,22,1
spearman,armadillo-sparse,0,0,22,1
spearman,amap,17,5,22,0
spearman,factoextra,20,2,22,0
spearman,pandas,19,3,22,0
spearman,scipy,14,8,22,0
kendall,GADES-GPU-dense,19,3,22,0
kendall,GADES-GPU-sparse,22,0,22,0
kendall,GADES-CPU-dense,19,3,22,0
kendall,GADES-CPU-sparse,22,0,22,0
kendall,arrayfire-dense,0,0,22,1
kendall,arrayfire-sparse,0,0,22,1
kendall,raft-dense,0,0,22,1
kendall,raft-sparse,0,0,22,1
kendall,armadillo-dense,0,0,22,1
kendall,armadillo-sparse,0,0,22,1
kendall,amap,9,13,22,0
kendall,factoextra,0,22,22,0
kendall,pandas,11,11,22,0
kendall,scipy,11,11,22,0
