metric,method,value,unavailable,memory_limit,time_limit,total_datasets
cosine,GADES-CPU-sparse,7,0.0,0.0,7.0,10
cosine,GADES-GPU-dense,4,0.0,0.0,4.0,10
cosine,GADES-GPU-sparse,1,0.0,0.0,1.0,10
cosine,armadillo,7,0.0,3.0,4.0,10
cosine,arrayfire,4,0.0,4.0,0.0,10
cosine,raft,3,0.0,3.0,0.0,10
euclidean,GADES-CPU-sparse,7,0.0,0.0,7.0,10
euclidean,GADES-GPU-dense,3,0.0,0.0,3.0,10
euclidean,GADES-GPU-sparse,1,0.0,0.0,1.0,10
euclidean,armadillo,7,0.0,3.0,4.0,10
euclidean,arrayfire,4,0.0,4.0,0.0,10
euclidean,raft,3,0.0,3.0,0.0,10
kendall,GADES-CPU-sparse,9,0.0,0.0,9.0,10
kendall,GADES-GPU-dense,8,0.0,0.0,8.0,10
kendall,GADES-GPU-sparse,5,0.0,0.0,5.0,10
kendall,armadillo,10,10.0,0.0,0.0,10
kendall,arrayfire,10,10.0,0.0,0.0,10
kendall,raft,10,10.0,0.0,0.0,10
manhattan,GADES-CPU-sparse,8,0.0,0.0,8.0,10
manhattan,GADES-GPU-dense,3,0.0,0.0,3.0,10
manhattan,GADES-GPU-sparse,2,0.0,0.0,2.0,10
manhattan,armadillo,8,0.0,3.0,5.0,10
manhattan,arrayfire,5,0.0,4.0,1.0,10
manhattan,raft,5,0.0,3.0,2.0,10
pearson,GADES-CPU-sparse,7,0.0,0.0,7.0,10
pearson,GADES-GPU-dense,3,0.0,0.0,3.0,10
pearson,GADES-GPU-sparse,1,0.0,0.0,1.0,10
pearson,armadillo,7,0.0,3.0,4.0,10
pearson,arrayfire,4,0.0,4.0,0.0,10
pearson,raft,3,0.0,3.0,0.0,10
spearman,GADES-CPU-sparse,9,0.0,0.0,9.0,10
spearman,GADES-GPU-dense,5,0.0,0.0,5.0,10
spearman,GADES-GPU-sparse,4,0.0,0.0,4.0,10
spearman,armadillo,10,10.0,0.0,0.0,10
spearman,arrayfire,10,10.0,0.0,0.0,10
spearman,raft,10,10.0,0.0,0.0,10
