metric,method,speedup
cosine,GADES-GPU-dense,1.0
euclidean,GADES-GPU-dense,1.0
manhattan,GADES-GPU-dense,1.0
pearson,GADES-GPU-dense,1.0
spearman,GADES-GPU-dense,1.0
cosine,GADES-CPU-sparse,0.07055446917632055
euclidean,GADES-CPU-sparse,0.04327767256073135
kendall,GADES-CPU-sparse,
manhattan,GADES-CPU-sparse,0.08935354839673379
pearson,GADES-CPU-sparse,0.007205085912654663
spearman,GADES-CPU-sparse,4.463610069066407
cosine,GADES-GPU-sparse,5.81216681790451
euclidean,GADES-GPU-sparse,10.326275289082696
kendall,GADES-GPU-sparse,
manhattan,GADES-GPU-sparse,2.090779199251307
pearson,GADES-GPU-sparse,11.284229150220998
spearman,GADES-GPU-sparse,277.839635573617
cosine,GADES-GPU-dense,1.0
euclidean,GADES-GPU-dense,1.0
kendall,GADES-GPU-dense,1.0
manhattan,GADES-GPU-dense,1.0
pearson,GADES-GPU-dense,1.0
spearman,GADES-GPU-dense,1.0
cosine,GADES-CPU-sparse,4.004143167437359
euclidean,GADES-CPU-sparse,2.0558916490648054
kendall,GADES-CPU-sparse,0.5921796255803553
manhattan,GADES-CPU-sparse,0.6417254274816719
pearson,GADES-CPU-sparse,0.4113090230427903
spearman,GADES-CPU-sparse,0.6900574454448779
cosine,GADES-GPU-sparse,2.801504357041922
euclidean,GADES-GPU-sparse,5.517112667378624
kendall,GADES-GPU-sparse,207.24721942032033
manhattan,GADES-GPU-sparse,4.88568544238756
pearson,GADES-GPU-sparse,5.528141905972129
spearman,GADES-GPU-sparse,15.904950555058186
cosine,armadillo-sparse,0.38635066744132324
euclidean,armadillo-sparse,0.36691080562441525
manhattan,armadillo-sparse,0.008266317320906751
pearson,armadillo-sparse,0.3739567355019889
cosine,arrayfire-sparse,0.8828873920738335
euclidean,arrayfire-sparse,0.8619664273663552
manhattan,arrayfire-sparse,0.04293683149219709
pearson,arrayfire-sparse,0.8564123878628136
spearman,arrayfire-sparse,0.22085743357206764
cosine,raft-sparse,0.09410970418439107
euclidean,raft-sparse,0.07138037050765775
manhattan,raft-sparse,0.14252037581166402
pearson,raft-sparse,0.17664727646501058
cosine,GADES-GPU-dense,1.0
euclidean,GADES-GPU-dense,1.0
kendall,GADES-GPU-dense,1.0
manhattan,GADES-GPU-dense,1.0
pearson,GADES-GPU-dense,1.0
spearman,GADES-GPU-dense,1.0
cosine,GADES-CPU-sparse,1.728562317030376
euclidean,GADES-CPU-sparse,0.8220683964239246
kendall,GADES-CPU-sparse,0.5512849788492825
manhattan,GADES-CPU-sparse,0.1432698648892339
pearson,GADES-CPU-sparse,0.15895226820810832
spearman,GADES-CPU-sparse,0.1753675386335832
cosine,GADES-GPU-sparse,2.6780832954662004
euclidean,GADES-GPU-sparse,5.4094098130248955
kendall,GADES-GPU-sparse,233.43889364527962
manhattan,GADES-GPU-sparse,3.4772312941565886
pearson,GADES-GPU-sparse,5.309330767990344
spearman,GADES-GPU-sparse,11.200639150822555
cosine,armadillo-sparse,0.04432126574201981
euclidean,armadillo-sparse,0.04324913726405247
manhattan,armadillo-sparse,0.00047624169634757804
pearson,armadillo-sparse,0.04236719263342338
cosine,arrayfire-sparse,0.14127171821580642
euclidean,arrayfire-sparse,0.1436234706362153
manhattan,arrayfire-sparse,0.025018994156410426
pearson,arrayfire-sparse,0.1365243174412723
spearman,arrayfire-sparse,0.0840474997747791
cosine,raft-sparse,0.08238080905154854
euclidean,raft-sparse,0.21268824147075505
manhattan,raft-sparse,0.15979802283489628
pearson,raft-sparse,0.13742173053197962
cosine,GADES-GPU-dense,1.0
euclidean,GADES-GPU-dense,1.0
manhattan,GADES-GPU-dense,1.0
pearson,GADES-GPU-dense,1.0
spearman,GADES-GPU-dense,1.0
cosine,GADES-CPU-sparse,0.1037068332624228
euclidean,GADES-CPU-sparse,0.08684261772416033
kendall,GADES-CPU-sparse,
manhattan,GADES-CPU-sparse,0.9361236248072502
pearson,GADES-CPU-sparse,0.010218107269762869
spearman,GADES-CPU-sparse,0.045024803607058406
cosine,GADES-GPU-sparse,5.798755912972142
euclidean,GADES-GPU-sparse,7.539961158750312
kendall,GADES-GPU-sparse,
manhattan,GADES-GPU-sparse,13.547914558470438
pearson,GADES-GPU-sparse,8.714723613776256
spearman,GADES-GPU-sparse,1.7517897803500915
cosine,GADES-GPU-dense,1.0
euclidean,GADES-GPU-dense,1.0
kendall,GADES-GPU-dense,1.0
manhattan,GADES-GPU-dense,1.0
pearson,GADES-GPU-dense,1.0
spearman,GADES-GPU-dense,1.0
cosine,GADES-CPU-sparse,2.5414854715256245
euclidean,GADES-CPU-sparse,1.1894429755986156
kendall,GADES-CPU-sparse,0.07009816487136307
manhattan,GADES-CPU-sparse,0.14976313104360572
pearson,GADES-CPU-sparse,0.23289494006353437
spearman,GADES-CPU-sparse,0.20280220123449808
cosine,GADES-GPU-sparse,2.5110839229143784
euclidean,GADES-GPU-sparse,4.879793749902026
kendall,GADES-GPU-sparse,54.17377419566855
manhattan,GADES-GPU-sparse,2.4920457590644607
pearson,GADES-GPU-sparse,4.651252172773098
spearman,GADES-GPU-sparse,7.188119920947081
cosine,armadillo-sparse,0.03308003336424776
euclidean,armadillo-sparse,0.03289301954440121
manhattan,armadillo-sparse,0.00453804185025974
pearson,armadillo-sparse,0.0321642211608265
cosine,arrayfire-sparse,0.22407316972949737
euclidean,arrayfire-sparse,0.21360455339903844
manhattan,arrayfire-sparse,0.03319752022774948
pearson,arrayfire-sparse,0.20865516910628165
spearman,arrayfire-sparse,0.14425532222569867
cosine,raft-sparse,0.07592737448944872
euclidean,raft-sparse,0.17745126713114304
manhattan,raft-sparse,0.10617084940765738
pearson,raft-sparse,0.14846763249276226
cosine,GADES-GPU-dense,1.0
euclidean,GADES-GPU-dense,1.0
kendall,GADES-GPU-dense,1.0
manhattan,GADES-GPU-dense,1.0
pearson,GADES-GPU-dense,1.0
spearman,GADES-GPU-dense,1.0
cosine,GADES-CPU-sparse,0.6025861007978468
euclidean,GADES-CPU-sparse,0.3128455122109769
kendall,GADES-CPU-sparse,1.128321635327436
manhattan,GADES-CPU-sparse,0.14634897639195338
pearson,GADES-CPU-sparse,0.057910336631627944
spearman,GADES-CPU-sparse,0.23456943918094367
cosine,GADES-GPU-sparse,2.5595045483221006
euclidean,GADES-GPU-sparse,4.909470312196741
kendall,GADES-GPU-sparse,237.37979631511377
manhattan,GADES-GPU-sparse,1.2388496244648164
pearson,GADES-GPU-sparse,4.9587487575744955
spearman,GADES-GPU-sparse,8.990650727343285
cosine,GADES-GPU-dense,1.0
euclidean,GADES-GPU-dense,1.0
kendall,GADES-GPU-dense,1.0
manhattan,GADES-GPU-dense,1.0
pearson,GADES-GPU-dense,1.0
spearman,GADES-GPU-dense,1.0
cosine,GADES-CPU-sparse,0.11692296091862046
euclidean,GADES-CPU-sparse,0.06840847628672286
kendall,GADES-CPU-sparse,0.5305078753340741
manhattan,GADES-CPU-sparse,0.014832112819474441
pearson,GADES-CPU-sparse,0.009650909826383605
spearman,GADES-CPU-sparse,0.5487369262176044
cosine,GADES-GPU-sparse,2.4824228213718307
euclidean,GADES-GPU-sparse,5.259184211432128
kendall,GADES-GPU-sparse,140.55764469954642
manhattan,GADES-GPU-sparse,0.29767699313562984
pearson,GADES-GPU-sparse,4.835654799443558
spearman,GADES-GPU-sparse,59.33326077726363
cosine,GADES-GPU-sparse,
euclidean,GADES-GPU-sparse,
manhattan,GADES-GPU-sparse,
pearson,GADES-GPU-sparse,
cosine,GADES-GPU-dense,1.0
euclidean,GADES-GPU-dense,1.0
manhattan,GADES-GPU-dense,1.0
pearson,GADES-GPU-dense,1.0
spearman,GADES-GPU-dense,1.0
cosine,GADES-CPU-sparse,0.07587667456818857
euclidean,GADES-CPU-sparse,0.055114809834329995
kendall,GADES-CPU-sparse,
manhattan,GADES-CPU-sparse,0.014244244145159407
pearson,GADES-CPU-sparse,0.007696598257152121
spearman,GADES-CPU-sparse,0.09704722531277189
cosine,GADES-GPU-sparse,3.27608612680852
euclidean,GADES-GPU-sparse,7.298410933506506
kendall,GADES-GPU-sparse,
manhattan,GADES-GPU-sparse,0.2669270296154618
pearson,GADES-GPU-sparse,6.564522615455278
spearman,GADES-GPU-sparse,11.20653639669493
cosine,GADES-GPU-dense,1.0
euclidean,GADES-GPU-dense,1.0
kendall,GADES-GPU-dense,1.0
manhattan,GADES-GPU-dense,1.0
pearson,GADES-GPU-dense,1.0
spearman,GADES-GPU-dense,1.0
cosine,GADES-CPU-sparse,3.6097748698505328
euclidean,GADES-CPU-sparse,1.684664537869743
kendall,GADES-CPU-sparse,0.2106319800391644
manhattan,GADES-CPU-sparse,0.5721627005425872
pearson,GADES-CPU-sparse,0.34340568660631854
spearman,GADES-CPU-sparse,0.6920051744824169
cosine,GADES-GPU-sparse,2.595102559404019
euclidean,GADES-GPU-sparse,4.634767076987963
kendall,GADES-GPU-sparse,110.18529079782704
manhattan,GADES-GPU-sparse,4.785033471599638
pearson,GADES-GPU-sparse,5.094744055432829
spearman,GADES-GPU-sparse,12.399356565256454
cosine,armadillo-sparse,0.2740150724832964
euclidean,armadillo-sparse,0.2430922383887768
manhattan,armadillo-sparse,0.012761174132412295
pearson,armadillo-sparse,0.2583276357508463
cosine,arrayfire-sparse,0.5681430164768846
euclidean,arrayfire-sparse,0.521497170829253
manhattan,arrayfire-sparse,0.028671369173366195
pearson,arrayfire-sparse,0.5720009601841602
spearman,arrayfire-sparse,0.2112182754616875
cosine,raft-sparse,0.09353682116416333
euclidean,raft-sparse,0.20975238028974305
manhattan,raft-sparse,0.16470117963353678
pearson,raft-sparse,0.17570538386874668
cosine,GADES-GPU-dense,1.0
euclidean,GADES-GPU-dense,1.0
kendall,GADES-GPU-dense,1.0
manhattan,GADES-GPU-dense,1.0
pearson,GADES-GPU-dense,1.0
spearman,GADES-GPU-dense,1.0
cosine,GADES-CPU-sparse,1.1194243838552596
euclidean,GADES-CPU-sparse,0.6102001298485478
kendall,GADES-CPU-sparse,0.1874996255893199
manhattan,GADES-CPU-sparse,0.06239206558108648
pearson,GADES-CPU-sparse,0.11363801321948575
spearman,GADES-CPU-sparse,0.07970890185775063
cosine,GADES-GPU-sparse,2.1636070042002924
euclidean,GADES-GPU-sparse,4.437538892054048
kendall,GADES-GPU-sparse,122.39698684814398
manhattan,GADES-GPU-sparse,1.0708520848941443
pearson,GADES-GPU-sparse,4.4176612291862085
spearman,GADES-GPU-sparse,4.2862445140329015
cosine,armadillo-sparse,0.01230660307050231
euclidean,armadillo-sparse,0.013354894398746504
manhattan,armadillo-sparse,0.00014878527701143567
pearson,armadillo-sparse,0.01292070461483047
cosine,arrayfire-sparse,0.06655942521566205
euclidean,arrayfire-sparse,0.06711472659114802
manhattan,arrayfire-sparse,0.01777227046973797
pearson,arrayfire-sparse,0.06760956397719373
spearman,arrayfire-sparse,0.06103948933832303
cosine,raft-sparse,0.05154582629591682
euclidean,raft-sparse,0.12976714995390784
manhattan,raft-sparse,0.08540599805511637
pearson,raft-sparse,0.10214252436659703
cosine,GADES-GPU-dense,1.0
euclidean,GADES-GPU-dense,1.0
kendall,GADES-GPU-dense,1.0
manhattan,GADES-GPU-dense,1.0
pearson,GADES-GPU-dense,1.0
spearman,GADES-GPU-dense,1.0
cosine,GADES-CPU-sparse,0.18843323509121246
euclidean,GADES-CPU-sparse,0.09665263284648316
kendall,GADES-CPU-sparse,0.1541948120537028
manhattan,GADES-CPU-sparse,0.013251354551232063
pearson,GADES-CPU-sparse,0.01836923258024705
spearman,GADES-CPU-sparse,0.2912645181411082
cosine,GADES-GPU-sparse,1.7921694298261646
euclidean,GADES-GPU-sparse,3.622252745536686
kendall,GADES-GPU-sparse,76.14434884678437
manhattan,GADES-GPU-sparse,0.16772797803255307
pearson,GADES-GPU-sparse,3.478478329143462
spearman,GADES-GPU-sparse,13.061883689775248
cosine,GADES-GPU-dense,1.0
euclidean,GADES-GPU-dense,1.0
manhattan,GADES-GPU-dense,1.0
pearson,GADES-GPU-dense,1.0
spearman,GADES-GPU-dense,1.0
cosine,GADES-CPU-sparse,0.3540664850361765
euclidean,GADES-CPU-sparse,0.19675217556912294
kendall,GADES-CPU-sparse,
manhattan,GADES-CPU-sparse,0.09522930580460122
pearson,GADES-CPU-sparse,0.03337987176486558
spearman,GADES-CPU-sparse,0.14690841252475248
cosine,GADES-GPU-sparse,3.2334245335626903
euclidean,GADES-GPU-sparse,5.994126750240315
kendall,GADES-GPU-sparse,
manhattan,GADES-GPU-sparse,0.7484742886424915
pearson,GADES-GPU-sparse,6.102089076002132
spearman,GADES-GPU-sparse,6.177943336419057
cosine,GADES-GPU-dense,1.0
euclidean,GADES-GPU-dense,1.0
kendall,GADES-GPU-dense,1.0
manhattan,GADES-GPU-dense,1.0
pearson,GADES-GPU-dense,1.0
spearman,GADES-GPU-dense,1.0
cosine,GADES-CPU-sparse,0.1012587580456293
euclidean,GADES-CPU-sparse,0.05142210120920853
kendall,GADES-CPU-sparse,0.008907791010046963
manhattan,GADES-CPU-sparse,0.020327956610010616
pearson,GADES-CPU-sparse,0.010514189184850068
spearman,GADES-CPU-sparse,1.6166791995129686
cosine,GADES-GPU-sparse,2.4640256211046907
euclidean,GADES-GPU-sparse,4.897976101211739
kendall,GADES-GPU-sparse,14.223538963274729
manhattan,GADES-GPU-sparse,0.32149742133684595
pearson,GADES-GPU-sparse,5.139667176217938
spearman,GADES-GPU-sparse,71.01812820640178
cosine,armadillo-sparse,0.0011547563482249025
euclidean,armadillo-sparse,0.0011256103756235839
manhattan,armadillo-sparse,0.00027496827211841726
pearson,armadillo-sparse,0.0011684623601063448
cosine,arrayfire-sparse,0.026631482910459015
euclidean,arrayfire-sparse,0.02727562461223324
manhattan,arrayfire-sparse,0.029129868511712752
pearson,arrayfire-sparse,0.027072621660119384
spearman,arrayfire-sparse,11.26923320841316
cosine,raft-sparse,0.02924973538193097
euclidean,raft-sparse,0.0694861005696225
manhattan,raft-sparse,0.058371575808098985
pearson,raft-sparse,0.04848919662539652
cosine,GADES-GPU-dense,1.0
euclidean,GADES-GPU-dense,1.0
kendall,GADES-GPU-dense,1.0
manhattan,GADES-GPU-dense,1.0
pearson,GADES-GPU-dense,1.0
spearman,GADES-GPU-dense,1.0
cosine,GADES-CPU-sparse,1.9255210018399431
euclidean,GADES-CPU-sparse,0.9753859186585445
kendall,GADES-CPU-sparse,8.832274137133561
manhattan,GADES-CPU-sparse,1.0663622725614723
pearson,GADES-CPU-sparse,0.17924132088805556
spearman,GADES-CPU-sparse,1.3450042442974055
cosine,GADES-GPU-sparse,3.107949674293808
euclidean,GADES-GPU-sparse,6.10470051088353
kendall,GADES-GPU-sparse,6971.2655815680455
manhattan,GADES-GPU-sparse,8.804842571513113
pearson,GADES-GPU-sparse,5.925737499884472
spearman,GADES-GPU-sparse,33.33376537364244
cosine,armadillo-sparse,0.7809202048525272
euclidean,armadillo-sparse,0.6189233986017032
manhattan,armadillo-sparse,0.00015353734189961342
pearson,armadillo-sparse,0.6724099244665465
cosine,arrayfire-sparse,1.3416071006097068
euclidean,arrayfire-sparse,1.3661998984603667
manhattan,arrayfire-sparse,0.01856888130011309
pearson,arrayfire-sparse,1.2434422621399335
spearman,arrayfire-sparse,0.07662484810157975
cosine,raft-sparse,0.10470019807429032
euclidean,raft-sparse,0.06318063582682826
manhattan,raft-sparse,0.19141945987089615
pearson,raft-sparse,0.13139670940490072
cosine,GADES-GPU-dense,1.0
euclidean,GADES-GPU-dense,1.0
kendall,GADES-GPU-dense,1.0
manhattan,GADES-GPU-dense,1.0
pearson,GADES-GPU-dense,1.0
spearman,GADES-GPU-dense,1.0
cosine,GADES-CPU-sparse,0.05200212780281639
euclidean,GADES-CPU-sparse,0.028323073608076295
kendall,GADES-CPU-sparse,5.983013909174091
manhattan,GADES-CPU-sparse,0.03927188995384484
pearson,GADES-CPU-sparse,0.005155274680669965
spearman,GADES-CPU-sparse,4.613236342415262
cosine,GADES-GPU-sparse,3.3499025137345617
euclidean,GADES-GPU-sparse,6.682191607011961
kendall,GADES-GPU-sparse,2166.0822053280917
manhattan,GADES-GPU-sparse,0.4346557783992688
pearson,GADES-GPU-sparse,6.6080171750149805
spearman,GADES-GPU-sparse,156.94546716205494
cosine,armadillo-sparse,0.015531953199096882
euclidean,armadillo-sparse,0.01639874979084962
pearson,armadillo-sparse,0.008392230654216154
cosine,raft-sparse,0.02151552837216119
euclidean,raft-sparse,0.07601454082544734
manhattan,raft-sparse,0.11311476113842676
pearson,raft-sparse,0.00841813026239877
cosine,GADES-GPU-dense,1.0
euclidean,GADES-GPU-dense,1.0
manhattan,GADES-GPU-dense,1.0
pearson,GADES-GPU-dense,1.0
spearman,GADES-GPU-dense,1.0
cosine,GADES-CPU-sparse,0.08177006062119187
euclidean,GADES-CPU-sparse,0.05711456000413515
kendall,GADES-CPU-sparse,
manhattan,GADES-CPU-sparse,0.16641840769838492
pearson,GADES-CPU-sparse,0.00891029872345898
spearman,GADES-CPU-sparse,0.0023879722261570865
cosine,GADES-GPU-sparse,6.806743043243124
euclidean,GADES-GPU-sparse,5.8910492373478345
kendall,GADES-GPU-sparse,
manhattan,GADES-GPU-sparse,5.017320940369807
pearson,GADES-GPU-sparse,12.156167360796822
spearman,GADES-GPU-sparse,0.18717692424076193
cosine,GADES-GPU-dense,1.0
euclidean,GADES-GPU-dense,1.0
manhattan,GADES-GPU-dense,1.0
pearson,GADES-GPU-dense,1.0
spearman,GADES-GPU-dense,1.0
cosine,GADES-CPU-sparse,0.09787024795248793
euclidean,GADES-CPU-sparse,0.06199427445306668
kendall,GADES-CPU-sparse,
manhattan,GADES-CPU-sparse,0.014900018097527367
pearson,GADES-CPU-sparse,0.009835030807328967
spearman,GADES-CPU-sparse,0.19386176309166595
cosine,GADES-GPU-sparse,2.197930121028434
euclidean,GADES-GPU-sparse,4.712903200027077
kendall,GADES-GPU-sparse,
manhattan,GADES-GPU-sparse,0.15146489679506117
pearson,GADES-GPU-sparse,4.288644861454097
spearman,GADES-GPU-sparse,9.14654453108506
cosine,GADES-GPU-dense,1.0
euclidean,GADES-GPU-dense,1.0
kendall,GADES-GPU-dense,1.0
manhattan,GADES-GPU-dense,1.0
pearson,GADES-GPU-dense,1.0
spearman,GADES-GPU-dense,1.0
cosine,GADES-CPU-sparse,1.1721349542639814
euclidean,GADES-CPU-sparse,0.628368425566355
kendall,GADES-CPU-sparse,0.537041080695232
manhattan,GADES-CPU-sparse,0.07590391536915661
pearson,GADES-CPU-sparse,0.1132334220293552
spearman,GADES-CPU-sparse,0.10110651975181734
cosine,GADES-GPU-sparse,2.4628818912219694
euclidean,GADES-GPU-sparse,5.345760760013918
kendall,GADES-GPU-sparse,223.0404317415227
manhattan,GADES-GPU-sparse,2.4829169363299757
pearson,GADES-GPU-sparse,4.9911012145967
spearman,GADES-GPU-sparse,9.87935877114099
cosine,armadillo-sparse,0.018944049287573227
euclidean,armadillo-sparse,0.019491387382955503
pearson,armadillo-sparse,0.018754590786792567
cosine,arrayfire-sparse,0.06914803380698098
euclidean,arrayfire-sparse,0.07285896138615099
manhattan,arrayfire-sparse,0.013815550388830032
pearson,arrayfire-sparse,0.0689914204088965
spearman,arrayfire-sparse,0.06492825446977778
cosine,raft-sparse,0.07589845991615653
euclidean,raft-sparse,0.1930540699884261
manhattan,raft-sparse,0.13377331602596917
pearson,raft-sparse,0.11354964329448713
cosine,GADES-GPU-dense,1.0
euclidean,GADES-GPU-dense,1.0
manhattan,GADES-GPU-dense,1.0
pearson,GADES-GPU-dense,1.0
spearman,GADES-GPU-dense,1.0
cosine,GADES-CPU-sparse,0.0706383132335577
euclidean,GADES-CPU-sparse,0.04363386141294468
kendall,GADES-CPU-sparse,
manhattan,GADES-CPU-sparse,0.14897657236219758
pearson,GADES-CPU-sparse,0.006957483180904571
spearman,GADES-CPU-sparse,6.733705588214583
cosine,GADES-GPU-sparse,5.438284244335685
euclidean,GADES-GPU-sparse,7.152664101453866
kendall,GADES-GPU-sparse,
manhattan,GADES-GPU-sparse,2.317301274055671
pearson,GADES-GPU-sparse,9.854860285421271
spearman,GADES-GPU-sparse,313.43440695205936
cosine,GADES-GPU-dense,1.0
euclidean,GADES-GPU-dense,1.0
manhattan,GADES-GPU-dense,1.0
pearson,GADES-GPU-dense,1.0
spearman,GADES-GPU-dense,1.0
cosine,GADES-CPU-sparse,0.11257935050889631
euclidean,GADES-CPU-sparse,0.07564141199649778
kendall,GADES-CPU-sparse,
manhattan,GADES-CPU-sparse,1.1849477669166752
pearson,GADES-CPU-sparse,0.011186738833754104
spearman,GADES-CPU-sparse,0.0731371741647671
cosine,GADES-GPU-sparse,5.444598793876574
euclidean,GADES-GPU-sparse,7.143482261503293
kendall,GADES-GPU-sparse,
manhattan,GADES-GPU-sparse,22.218671755620328
pearson,GADES-GPU-sparse,8.236353310155849
spearman,GADES-GPU-sparse,3.1520048962075986
cosine,GADES-GPU-dense,1.0
euclidean,GADES-GPU-dense,1.0
kendall,GADES-GPU-dense,1.0
manhattan,GADES-GPU-dense,1.0
pearson,GADES-GPU-dense,1.0
spearman,GADES-GPU-dense,1.0
cosine,GADES-CPU-sparse,1.7804723955990418
euclidean,GADES-CPU-sparse,0.831486629861023
kendall,GADES-CPU-sparse,1.4257523961293892
manhattan,GADES-CPU-sparse,0.42871412147206683
pearson,GADES-CPU-sparse,0.1572008065286573
spearman,GADES-CPU-sparse,0.599089738213216
cosine,GADES-GPU-sparse,2.781450483433109
euclidean,GADES-GPU-sparse,5.357772837287365
kendall,GADES-GPU-sparse,379.11499000953006
manhattan,GADES-GPU-sparse,4.6119129695619385
pearson,GADES-GPU-sparse,5.344471061116218
spearman,GADES-GPU-sparse,15.986023244856858
cosine,armadillo-sparse,0.32106502452153707
euclidean,armadillo-sparse,0.29965629720325326
manhattan,armadillo-sparse,0.0019793134398091794
pearson,armadillo-sparse,0.2782903860002738
cosine,arrayfire-sparse,0.20938298337457778
euclidean,arrayfire-sparse,0.2044696047497782
manhattan,arrayfire-sparse,0.015691841634012594
pearson,arrayfire-sparse,0.19897813718550839
spearman,arrayfire-sparse,0.07327925147978896
cosine,raft-sparse,0.09562812435036082
euclidean,raft-sparse,0.2144856058092609
manhattan,raft-sparse,0.15904247522340667
pearson,raft-sparse,0.11445230308508869
cosine,GADES-GPU-dense,1.0
euclidean,GADES-GPU-dense,1.0
manhattan,GADES-GPU-dense,1.0
pearson,GADES-GPU-dense,1.0
spearman,GADES-GPU-dense,1.0
cosine,GADES-CPU-sparse,0.09462468872826586
euclidean,GADES-CPU-sparse,0.08442445869637659
kendall,GADES-CPU-sparse,
manhattan,GADES-CPU-sparse,0.4469571688275136
pearson,GADES-CPU-sparse,0.009294605246022209
spearman,GADES-CPU-sparse,1.8048785624128225
cosine,GADES-GPU-sparse,5.737289771658548
euclidean,GADES-GPU-sparse,8.651847405583254
kendall,GADES-GPU-sparse,
manhattan,GADES-GPU-sparse,6.187582268451475
pearson,GADES-GPU-sparse,10.96204214053895
spearman,GADES-GPU-sparse,73.74655898163655
